AEBAutoCancel	Off	Arrêt
AEBAutoCancel	On	Marche
AEBSequence	+,0,-	+0
AEBSequence	-,0,+	-0
AEBSequenceAutoCancel	-,0,+/Disabled	-,0,+/Désactivé
AEBSequenceAutoCancel	-,0,+/Enabled	-,0,+/Activé
AEBSequenceAutoCancel	0,-,+/Disabled	0,-,+/Désactivé
AEBSequenceAutoCancel	0,-,+/Enabled	0,-,+/Activé
AELock	Off	Désactivé
AELock	On	Activé
AELockMeterModeAfterFocus	Center-weighted	Pondération centrale
AEMeteringMode	Center-weighted average	Moyenne pondérée centrale
AEMeteringMode	Multi-segment	Multizone
AEProgramMode	Av, B or X	Av, B ou X
AEProgramMode	Candlelight	Bougie
AEProgramMode	DOF Program	Programme PdC
AEProgramMode	DOF Program (P-Shift)	Programme PdC (décalage P)
AEProgramMode	Hi-speed Program	Programme grande vitesse
AEProgramMode	Hi-speed Program (P-Shift)	Programme grande vitesse (décalage P)
AEProgramMode	Kids	Enfants
AEProgramMode	Landscape	Paysage
AEProgramMode	M, P or TAv	M, P ou TAv
AEProgramMode	MTF Program	Programme FTM
AEProgramMode	MTF Program (P-Shift)	Programme FTM (décalage P)
AEProgramMode	Museum	Musée
AEProgramMode	Night Scene	Nocturne
AEProgramMode	Night Scene Portrait	Portrait nocturne
AEProgramMode	No Flash	Sans flash
AEProgramMode	Pet	Animaux de compagnie
AEProgramMode	Sunset	Coucher de soleil
AEProgramMode	Surf & Snow	Surf et neige
AEProgramMode	Sv or Green Mode	Sv ou mode vert
AEProgramMode	Text	Texte
AESetting	AE Lock	Verrouillage de l'exposition automatique
AESetting	AE Lock + Exposure Comp.	Verrouillage de l'exposition automatique+Compensations d'exposition
AESetting	Exposure Compensation	Compensations d'exposition
AESetting	No AE	Pas d'exposition automatique
AESetting	Normal AE	Exposition automatique normale
AFAreaIllumination	Off	Désactivé
AFAreaIllumination	On	Activé
AFAreaMode	1-area	Mise au point 1 zone
AFAreaMode	1-area (high speed)	Mise au point 1 zone (haute vitesse)
AFAreaMode	225-area	Zone 225
AFAreaMode	23-area	Zone 23
AFAreaMode	3-area (center)?	Mise au point 3 zones (au centre) ?
AFAreaMode	3-area (high speed)	Mise au point 3 zones (haute vitesse)
AFAreaMode	3-area (left)?	Mise au point 3 zones (à gauche) ?
AFAreaMode	3-area (right)?	Mise au point 3 zones (à droite) ?
AFAreaMode	3D-tracking	Suivi en 3D
AFAreaMode	49-area	Zone 49
AFAreaMode	5-area	Mise au point 5 zones
AFAreaMode	9-area	Mise au point 9 zones
AFAreaMode	AF Point Expansion (4 point)	Extension du point AF (4 points)
AFAreaMode	AF Point Expansion (8 point)	Extension du point AF (8 points)
AFAreaMode	AF Point Expansion (surround)	Extension du point AF (surround)
AFAreaMode	Animal Eye Tracking	Suivi de l'œil des animaux
AFAreaMode	Auto (Animals)	Auto (Animaux)
AFAreaMode	Auto (People)	Auto (Personnes)
AFAreaMode	Auto-area	Zone auto
AFAreaMode	Center	Centré
AFAreaMode	Contrast-detect	Détection de contraste
AFAreaMode	Contrast-detect (face priority)	Détection de contraste (priorité au visage)
AFAreaMode	Contrast-detect (normal area)	Détection de contraste (zone normale)
AFAreaMode	Contrast-detect (subject tracking)	Détection de contraste (suivi du sujet)
AFAreaMode	Contrast-detect (wide area)	Détection de contraste (large zone)
AFAreaMode	Default	Par défaut
AFAreaMode	Dynamic	Dynamique
AFAreaMode	Dynamic Area	Zone dynamique
AFAreaMode	Dynamic Area (21 points)	Zone dynamique (21 points)
AFAreaMode	Dynamic Area (25 points)	Zone dynamique (25 points)
AFAreaMode	Dynamic Area (3D-tracking)	Zone dynamique (suivi 3D)
AFAreaMode	Dynamic Area (49 points)	Zone dynamique (49 points)
AFAreaMode	Dynamic Area (51 points)	Zone dynamique (51 points)
AFAreaMode	Dynamic Area (51 points, 3D-tracking)	Zone dynamique (51 points, suivi 3D)
AFAreaMode	Dynamic Area (72 points)	Zone dynamique (72 points)
AFAreaMode	Dynamic Area (9 points)	Zone dynamique (9 points)
AFAreaMode	Dynamic Area (L)	Zone dynamique (L)
AFAreaMode	Dynamic Area (M)	Zone dynamique (M)
AFAreaMode	Dynamic Area (S)	Zone dynamique (S)
AFAreaMode	Dynamic Area (closest subject)	Zone dynamique (sujet le plus proche)
AFAreaMode	Dynamic Area (wide)	Zone dynamique (large)
AFAreaMode	Dynamic Area (wide, 3D-tracking)	Zone dynamique (large, suivi 3D)
AFAreaMode	Dynamic-area	Zone dynamique
AFAreaMode	Expanded Flexible Spot	Spot flexible étendu
AFAreaMode	Face + Tracking	Visage + suivi
AFAreaMode	Face Detect	Détection de visage
AFAreaMode	Face Detect (animal detect off)	Détection de visage (détection d'animaux désactivée)
AFAreaMode	Face Detect (animal detect on)	Détection de visage (détection d'animaux activée)
AFAreaMode	Face Detect AF	Détection de visage
AFAreaMode	Face Priority (41 points)	Priorité au visage (41 points)
AFAreaMode	Face Tracking	Suivi du visage
AFAreaMode	Face-priority AF	Priorité aux visages AF
AFAreaMode	Flexible Spot	Spot flexible
AFAreaMode	Flexizone Multi (49 point)	Flexizone Multi (49 points)
AFAreaMode	Flexizone Multi (9 point)	Flexizone Multi (9 points)
AFAreaMode	Flexizone Single	Flexizone unique)
AFAreaMode	Group Area	Zone du groupe
AFAreaMode	Group Area (HL)	Zone du groupe (HL)
AFAreaMode	Group Area (VL)	Zone du groupe (HL)
AFAreaMode	Group Dynamic	Dynamique de groupe
AFAreaMode	Large Zone AF	Grande zone AF
AFAreaMode	Local	Locale
AFAreaMode	Manual	Manuelle
AFAreaMode	Normal-area AF	Zone normale AF
AFAreaMode	Normal?	Normale ?
AFAreaMode	Off (Manual Focus)	Désactivée (mise au point manuelle)
AFAreaMode	Pinpoint	Point de mire
AFAreaMode	Pinpoint focus	Point de mire de mise au point
AFAreaMode	Selective (for Miniature effect)	Sélective
AFAreaMode	Single	Simple
AFAreaMode	Single Area	Zone unique
AFAreaMode	Single Area (wide)	Zone unique (large)
AFAreaMode	Single Point	Point unique
AFAreaMode	Single-point	Point unique
AFAreaMode	Single-point AF	Mise au point automatique à point unique
AFAreaMode	Spot Focusing	Mise au point Spot
AFAreaMode	Spot Mode Off	Mode Spot désactivé
AFAreaMode	Spot Mode On	Mode Spot enclenché
AFAreaMode	Subject Tracking (41 points)	Suivi du sujet (41 points)
AFAreaMode	Subject-tracking AF	Suivi du sujet AF
AFAreaMode	Touch	Tactile
AFAreaMode	Tracking	Suivi
AFAreaMode	Wide	Large
AFAreaMode	Wide (C1)	Large (C1)
AFAreaMode	Wide (C2)	Large (C2)
AFAreaMode	Wide (L)	Large (L)
AFAreaMode	Wide (L-animals)	Large (L-animaux)
AFAreaMode	Wide (L-people)	Large (L-personnes)
AFAreaMode	Wide (S)	Large (S)
AFAreaMode	Wide-area AF	Zone large AF
AFAreaMode	Wide/Tracking	Large/Suivi
AFAreaMode	n/a	Non applicable
AFAreaModeSetting	3D-tracking (11 points)	Suivi 3D (11 points)
AFAreaModeSetting	Auto-area	Zone automatique
AFAreaModeSetting	Center	Centre
AFAreaModeSetting	Center (LA-EA4)	Centre (LA-EA4)
AFAreaModeSetting	Closest Subject	Sujet le plus proche
AFAreaModeSetting	Dynamic Area	Zone dynamique
AFAreaModeSetting	Expanded Flexible Spot	Spot flexible étendu
AFAreaModeSetting	Flexible Spot	Spot flexible
AFAreaModeSetting	Flexible Spot (LA-EA4)	Spot flexible (LA-EA4)
AFAreaModeSetting	Single Area	Zone unique
AFAreaModeSetting	Wide	Large
AFAreaPointSize	n/a	Non applicable
AFAreaZoneSize	n/a	Non applicable
AFAssist	Does not emit/Fires	N'émet pas/Se déclenche
AFAssist	Emits/Does not fire	Émet/Ne se déclenche pas
AFAssist	Emits/Fires	émet/Se déclenche
AFAssist	Off	Désactivé
AFAssist	On	Activé
AFAssist	Only ext. flash emits/Fires	Seul le flash ext. émet/se déclenche
AFAssistBeam	Does not emit	Désactivé
AFAssistBeam	Emits	Activé
AFAssistBeam	Only ext. flash emits	Uniquement par flash ext.
AFAssistLamp	Disabled and Not Required	Désactivée et non requise
AFAssistLamp	Disabled but Required	Désactivée mais requise
AFAssistLamp	Enabled but Not Used	Activée mais non utilisée
AFAssistLamp	Fired	Déclenchée
AFButtonPressed	No	Non
AFButtonPressed	Yes	Oui
AFDuringLiveView	Disable	Désactivé
AFDuringLiveView	Enable	Activé
AFDuringLiveView	Live mode	Mode visée directe
AFDuringLiveView	Quick mode	Mode rapide
AFIlluminator	n/a	Non applicable
AFMicroadjustment	Adjust all by same amount	Ajuster idem tous obj
AFMicroadjustment	Adjust by lens	Ajuster par objectif
AFMicroadjustment	Disable	Désactivé
AFOnAELockButtonSwitch	Disable	Désactivé
AFOnAELockButtonSwitch	Enable	Activé
AFOnButton	AE Lock (hold)	Verrouillage de l'exposition automatique (maintien)
AFOnButton	AWB Lock (hold)	Verrouillage de la balance des blancs automatique (maintien)
AFOnButton	HDR Overlay	Recouvrement HDR
AFPoint	(none)	(aucun)
AFPoint	All Target	Toutes les cibles
AFPoint	Auto AF point selection	Sélection automatique du point d'autofocus
AFPoint	Bottom	En bas
AFPoint	Bottom (horizontal)	En bas (horizontal)
AFPoint	Bottom (vertical)	En bas (vertical)
AFPoint	Bottom Assist-left	En bas aide à gauche
AFPoint	Bottom Assist-right	En bas aide à droite
AFPoint	Bottom Center	En bas centré
AFPoint	Bottom Left	En bas à gauche
AFPoint	Bottom Right	En bas à droite
AFPoint	Bottom-center (horizontal)	En bas centré (horizontal)
AFPoint	Bottom-center (vertical)	En bas centré (vertical)
AFPoint	Bottom-left	En bas à gauche
AFPoint	Bottom-left (horizontal)	En bas à gauche (horizontal)
AFPoint	Bottom-left (vertical)	En bas à gauche (vertical)
AFPoint	Bottom-right	En bas à droite
AFPoint	Bottom-right (horizontal)	En bas à droite (horizontal)
AFPoint	Bottom-right (vertical)	En bas à droite (vertical)
AFPoint	Center	Au Centre
AFPoint	Center (10)	Au Centre (10)
AFPoint	Center (11)	Au Centre (11)
AFPoint	Center (12)	Au Centre (12)
AFPoint	Center (14)	Au Centre (14)
AFPoint	Center (7)	Au Centre (7)
AFPoint	Center (9)	Au Centre (9)
AFPoint	Center (horizontal)	Au Centre (horizontal)
AFPoint	Center (vertical)	Au Centre (vertical)
AFPoint	Center F2.8	Au Centre F2.8
AFPoint	Center Left	Au Centre à gauche
AFPoint	Center Right	Au Centre à droite
AFPoint	Center Vertical	Au Centre vertical
AFPoint	Dynamic Single Target	Cible unique dynamique
AFPoint	E6 Center	E6 Centré
AFPoint	E6 Center F2.8	E6 Centré F2.8
AFPoint	E6 Center Vertical	E6 Centré vertical
AFPoint	Face Detect	Détection de visage
AFPoint	Far Left	À l'extrême-gauche
AFPoint	Far Left (horizontal)	À l'extrême gauche (horizontal)
AFPoint	Far Left (vertical)	À l'extrême gauche (vertical)
AFPoint	Far Left/Right of Center	À l'extrême gauche/droite du centre
AFPoint	Far Left/Right of Center/Bottom	À l'extrême gauche/droite du centre/en bas
AFPoint	Far Right	À l'extrême-droit
AFPoint	Far Right (horizontal)	À l'extrême droite (horizontal)
AFPoint	Far Right (vertical)	À l'extrême droite (vertical)
AFPoint	Left	À gauche
AFPoint	Left (horizontal)	À gauche (horizontal)
AFPoint	Left (or n/a)	À gauche (ou non applicable)
AFPoint	Left (vertical)	À gauche (vertical)
AFPoint	Lower Far Left	En bas à l'extrême gauche
AFPoint	Lower Far Right	En bas à l'extrême droite
AFPoint	Lower-left	En bas à gauche
AFPoint	Lower-left (horizontal)	En bas à gauche (horizontal)
AFPoint	Lower-left (vertical)	En bas à gauche (vertical)
AFPoint	Lower-middle	En bas au centre
AFPoint	Lower-right	En bas à droite
AFPoint	Lower-right (horizontal)	En bas à droite (horizontal)
AFPoint	Lower-right (vertical)	En bas à droite (vertical)
AFPoint	Manual AF point selection	Sélection manuelle du point de mise au point
AFPoint	Mid-left	Au Milieu à gauche
AFPoint	Mid-left (horizontal)	Au Milieu (horizontal)
AFPoint	Mid-left (vertical)	Au Milieu (vertical)
AFPoint	Mid-right	Au milieu à droite
AFPoint	Mid-right (horizontal)	Au milieu à droite (horizontal)
AFPoint	Mid-right (vertical)	Au milieu à droite (vertical)
AFPoint	Middle Horizontal	Au milieu horizontal
AFPoint	Near Left	Près de la gauche
AFPoint	Near Left/Right of Center	Près de la gauche/droite du centre
AFPoint	Near Right	Près de la gauche
AFPoint	Near Upper/Left	Près du haut à gauche
AFPoint	None	Aucun
AFPoint	None (MF)	Aucun (MF)
AFPoint	Right	À droite
AFPoint	Right (horizontal)	À droite (horizontal)
AFPoint	Right (vertical)	À droite (vertical)
AFPoint	Single Target	Cible unique
AFPoint	Top	En haut
AFPoint	Top (horizontal)	En haut (horizontal)
AFPoint	Top (vertical)	En haut (vertical)
AFPoint	Top Assist-left	En haut aide à gauche
AFPoint	Top Assist-right	En haut aide à droite
AFPoint	Top Center	En haut au centre
AFPoint	Top Left	En haut à gauche
AFPoint	Top Near-left	En haut près de la gauche
AFPoint	Top Near-right	En haut près de la droite
AFPoint	Top Right	En haut à droite
AFPoint	Top-center (horizontal)	En haut au centre (horizontal)
AFPoint	Top-center (vertical)	En haut au centre (vertical)
AFPoint	Top-left	En haut à gauche
AFPoint	Top-left (horizontal)	En haut à gauche (horizontal)
AFPoint	Top-left (vertical)	En haut à gauche (vertical)
AFPoint	Top-right	En haut à droite
AFPoint	Top-right (horizontal)	En haut à droite (horizontal)
AFPoint	Top-right (vertical)	En haut à droite (vertical)
AFPoint	Upper Far Left	En haut à l'extrême gauche
AFPoint	Upper Far Right	En haut à l'extrême droite
AFPoint	Upper Left	En haut à gauche
AFPoint	Upper Right	En haut à droite
AFPoint	Upper-left	En haut à gauche
AFPoint	Upper-left (horizontal)	En haut à gauche (horizontal)
AFPoint	Upper-left (vertical)	En haut à gauche (vertical)
AFPoint	Upper-middle	En haut au centre
AFPoint	Upper-right	En haut à droite
AFPoint	Upper-right (horizontal)	En haut à droite (horizontal)
AFPoint	Upper-right (vertical)	En haut à droite (vertical)
AFPoint	n/a	Non applicable
AFPointActivationArea	Automatic expanded (max. 13)	Expansion auto (13 max.)
AFPointActivationArea	Expanded (TTL. of 7 AF points)	Expansion (TTL 7 collimat.)
AFPointActivationArea	Single AF point	Un seul collimateur AF
AFPointAreaExpansion	Disable	Désactivé
AFPointAreaExpansion	Enable	Activé
AFPointAreaExpansion	Left/right AF points	Activé (gauche/droite collimateurs autofocus d'assistance)
AFPointAreaExpansion	Surrounding AF points	Activée (Collimateurs autofocus d'assistance environnants)
AFPointAutoSelection	Control-direct:disable/Main:disable	Contrôle rapide-Directe:désactivé/Principale:désactivé
AFPointAutoSelection	Control-direct:disable/Main:enable	Contrôle rapide-Directe:désactivé/Principale:activé
AFPointAutoSelection	Control-direct:enable/Main:enable	Contrôle rapide-Directe:activé/Principale:activé
AFPointBrightness	Brighter	Forte
AFPointBrightness	Normal	Normale
AFPointDisplayDuringFocus	All (constant)	Tous (constant)
AFPointDisplayDuringFocus	Disable display	Désactiver l'affichage
AFPointDisplayDuringFocus	Disabled	Désactivé
AFPointDisplayDuringFocus	Off	Désactivé
AFPointDisplayDuringFocus	On	Activé
AFPointDisplayDuringFocus	On (when focus achieved)	Activé (lorsque la mise au point est effectuée)
AFPointDisplayDuringFocus	Selected (constant)	Sélectionné (constant)
AFPointDisplayDuringFocus	Selected (focused)	Sélectionné (focalisé)
AFPointDisplayDuringFocus	Selected (pre-AF, focused)	Sélectionné (pré-auto focus, focalisé)
AFPointIllumination	Brighter	Plus brillant
AFPointIllumination	Off	Désactivé
AFPointIllumination	On	Activé
AFPointIllumination	On During Manual Focusing	Activé pendant la mise au point manuelle
AFPointIllumination	On in Continuous Shooting Modes	Activé en modes de prise de vue continue
AFPointIllumination	On in Continuous Shooting and Manual Focusing	Activé en prise de vue continue et en mise au point manuelle
AFPointIllumination	On without dimming	Activé sans atténuation
AFPointMode	Fixed Center	Centre fixe
AFPointMode	Select	Sélectionner
AFPointRegistration	Automatic	Auto
AFPointRegistration	Bottom	En bas
AFPointRegistration	Center	Au centre
AFPointRegistration	Extreme Left	À l'extrême gauche
AFPointRegistration	Extreme Right	À l'extrême droite
AFPointRegistration	Left	À gauche
AFPointRegistration	Right	À droite
AFPointRegistration	Top	En haut
AFPointSelected	Automatic Tracking AF	AF en suivi auto
AFPointSelected	Bottom	Bas
AFPointSelected	Center	Centre
AFPointSelected	Face Detect AF	AF en reconnaissance de visage
AFPointSelected	Fixed Center	Fixe au centre
AFPointSelected	Left	Gauche
AFPointSelected	Lower-left	Bas gauche
AFPointSelected	Lower-right	Bas droit
AFPointSelected	Mid-left	Milieu gauche
AFPointSelected	Mid-right	Milieu droit
AFPointSelected	Right	Droit
AFPointSelected	Top	Haut
AFPointSelected	Upper-left	Haut gauche
AFPointSelected	Upper-right	Haut droite
AFPointSelected	n/a	Non applicable
AFPointSelectionMethod	Multi-controller direct	Multicontrôleur direct
AFPointSelectionMethod	Normal	Normale
AFPointSelectionMethod	Quick Control Dial direct	Molette AR directe
AFPointSpotMetering	11/Active AF point	11/collimateur AF actif
AFPointSpotMetering	11/Center AF point	11/collimateur AF central
AFPointSpotMetering	45/Center AF point	45/collimateur AF central
AFPointSpotMetering	9/Active AF point	9/collimateur AF actif
AFPointsInFocus	(none)	(aucun)
AFPointsInFocus	All	Tous
AFPointsInFocus	All 11 Points	Tous les 11 points
AFPointsInFocus	Bottom	En bas
AFPointsInFocus	Bottom Near-left	En bas près de la gauche
AFPointsInFocus	Bottom Near-right	En bas près de la droite
AFPointsInFocus	Bottom, Center	En Bas, centré
AFPointsInFocus	Bottom-center	En Bas, centré
AFPointsInFocus	Bottom-left	En bas à gauche
AFPointsInFocus	Bottom-right	En bas à droite
AFPointsInFocus	Center	Au centre
AFPointsInFocus	Center (horizontal)	Au centre (horizontal)
AFPointsInFocus	Center (vertical)	Au centre (vertical)
AFPointsInFocus	Center+Right	Au centre et à droite)
AFPointsInFocus	Far Left	À l'extrême gauche
AFPointsInFocus	Far Right	À l'extrême droite
AFPointsInFocus	Fixed Center or Multiple	Centre fixe ou multiple
AFPointsInFocus	Left	À gauche
AFPointsInFocus	Left+Center	À Gauche et au centre
AFPointsInFocus	Left+Right	À Gauche et à droite
AFPointsInFocus	Lower Near-left	En bas près de la gauche
AFPointsInFocus	Lower Near-right	En bas près de la droite
AFPointsInFocus	Lower-left	En bas à gauche
AFPointsInFocus	Lower-left, Bottom	En Bas à gauche et en bas
AFPointsInFocus	Lower-left, Mid-left	En Bas à gauche et au milieu à gauche
AFPointsInFocus	Lower-middle	En bas au milieu
AFPointsInFocus	Lower-right	En bas à droite
AFPointsInFocus	Lower-right, Bottom	En bas à droite et en bas
AFPointsInFocus	Lower-right, Mid-right	En bas à droite et au milieu à droite
AFPointsInFocus	Mid-left	Au milieu à gauche
AFPointsInFocus	Mid-left, Center	Au milieu et au centre
AFPointsInFocus	Mid-right	Au milieu à droite
AFPointsInFocus	Mid-right, Center	Au milieu à droite et au centre
AFPointsInFocus	Near-left	Près de la gauche
AFPointsInFocus	Near-right	Près de la droite
AFPointsInFocus	None	Aucun
AFPointsInFocus	None (MF)	Aucun (MF)
AFPointsInFocus	Right	À droite
AFPointsInFocus	Top	En haut
AFPointsInFocus	Top Near-left	En haut près de la gauche
AFPointsInFocus	Top Near-right	En haut près de la droite
AFPointsInFocus	Top, Center	En haut, au centre
AFPointsInFocus	Top-center	En haut, au centre
AFPointsInFocus	Top-left	En haut à gauche
AFPointsInFocus	Top-right	En haut à droite
AFPointsInFocus	Upper Near-left	En haut près de la gauche
AFPointsInFocus	Upper Near-right	En haut près de la doite
AFPointsInFocus	Upper-left	En haut à gauche
AFPointsInFocus	Upper-left, Mid-left	En haut à gauche, au milieu à gauche
AFPointsInFocus	Upper-left, Top	En haut à gauche, en haut
AFPointsInFocus	Upper-middle	En haut au milieu
AFPointsInFocus	Upper-right	En haut à droite
AFPointsInFocus	Upper-right, Mid-right	En haut à droite, au milieu à droit
AFPointsInFocus	Upper-right, Top	En haut à droite, en haut
AFPointsInFocus5D	(none)	(aucun)
AFPointsInFocus5D	AI Servo1	IA Servo 1
AFPointsInFocus5D	AI Servo2	IA Servo 2
AFPointsInFocus5D	AI Servo3	IA Servo 3
AFPointsInFocus5D	AI Servo4	IA Servo 4
AFPointsInFocus5D	AI Servo5	IA Servo 5
AFPointsInFocus5D	AI Servo6	IA Servo 6
AFPointsInFocus5D	Bottom	En bas
AFPointsInFocus5D	Center	Au centre
AFPointsInFocus5D	Left	À gauche
AFPointsInFocus5D	Lower-left	En bas à gauche
AFPointsInFocus5D	Lower-right	En bas à droite
AFPointsInFocus5D	Right	À droite
AFPointsInFocus5D	Top	En haut
AFPointsInFocus5D	Upper-left	En haut à gauche
AFPointsInFocus5D	Upper-right	En haut à droite
AFPointsSelected	n/a	Non applicable
AFPointsUnknown1	All	Tous
AFPointsUnknown1	Central 9 points	9 points centraux
AFPointsUsed	(none)	(aucun)
AFPointsUsed	All 11 Points	Tous les 11 points
AFPointsUsed	Bottom	En bas
AFPointsUsed	Center	Au centre
AFPointsUsed	Far Left	À l'extrême gauche
AFPointsUsed	Far Right	À l'extrême droite
AFPointsUsed	Left	À gauche
AFPointsUsed	Lower Far Left	À l'extrême bas gauche
AFPointsUsed	Lower Far Right	À l'extrême bas droite
AFPointsUsed	Lower-left	En bas à gauche
AFPointsUsed	Lower-middle	Au milieu inférieur
AFPointsUsed	Lower-right	En bas à droite
AFPointsUsed	Mid-left	Au milieu gauche
AFPointsUsed	Mid-right	Au milieu droit
AFPointsUsed	Near Left	Près de la gauche
AFPointsUsed	Near Right	Près de la droite
AFPointsUsed	Right	À droite
AFPointsUsed	Top	En haut
AFPointsUsed	Upper Far Left	À l'extrême haut gauche
AFPointsUsed	Upper Far Right	À l'extrême haut droit
AFPointsUsed	Upper-left	En haut à gauche
AFPointsUsed	Upper-middle	Au milieu supérieur
AFPointsUsed	Upper-right	En haut à droite
AFSearch	Not Ready	Non prête
AFSearch	Ready	Prête
AFTracking	Face tracking	Suivi du visage
AFTracking	Lock On AF	Verrouillage de la mise au point automatique
AFTracking	Off	Désactivé
AFType	15-point	15 points
AFType	19-point	19 points
AFType	79-point	79 points
AIRulerUnits	Centimeters	Centimètres
AIRulerUnits	Inches	Pouces
AIRulerUnits	Millimeters	Milimètres
AIServoImagePriority	1: AF, 2: Drive speed	Priorité AF/Priorité cadence vues
AIServoImagePriority	1: AF, 2: Tracking	Priorité AF/Priorité suivi AF
AIServoImagePriority	1: Release, 2: Drive speed	Déclenchement/Priorité cadence vues
AIServoTrackingMethod	Continuous AF track priority	Priorité suivi AF en continu
AIServoTrackingMethod	Main focus point priority	Priorité point AF principal
AIServoTrackingSensitivity	Fast	Rapide
AIServoTrackingSensitivity	Medium Fast	Moyenne rapide
AIServoTrackingSensitivity	Medium Slow	Moyenne lent
AIServoTrackingSensitivity	Moderately fast	Moyennement rapide
AIServoTrackingSensitivity	Moderately slow	Moyennement lent
AIServoTrackingSensitivity	Slow	Lent
APS-CSizeCapture	Off	Désactivé
APS-CSizeCapture	On	Activé
ActionAdvised	Object Append	Ajouter un objet
ActionAdvised	Object Kill	Détruire un objet
ActionAdvised	Object Reference	Référencer un objet
ActionAdvised	Object Replace	Remplacer un objet
ActionAdvised	Ojbect Append	Ajout d'objet
ActiveD-Lighting	Extra High	Extra haut
ActiveD-Lighting	Extra High 1	Extra haut 1
ActiveD-Lighting	Extra High 2	Extra haut 2
ActiveD-Lighting	Extra High 3	Extra haut 3
ActiveD-Lighting	Extra High 4	Extra haut 4
ActiveD-Lighting	High	Haut
ActiveD-Lighting	Low	Bas
ActiveD-Lighting	Normal	Normale
ActiveD-Lighting	Off	Désactivé
ActiveD-Lighting	On	Activé
ActiveD-LightingMode	Low	Bas
ActiveD-LightingMode	Normal	Normale
ActiveD-LightingMode	Off	Désactivé
AddAspectRatioInfo	Off	Désactivé
AddOriginalDecisionData	Off	Désactivé
AddOriginalDecisionData	On	Activé
AdultContentWarning	Unknown	Inconnu
AdvancedFilter	Hi Key	Tons clairs
AdvancedFilter	Low Key	Tons sombres
AdvancedFilter	Pop Color	Couleur pop
AdvancedFilter	Soft Focus	Flou artistique
AdvancedFilter	Toy Camera	Caméra jouet
AdvancedRaw	Off	Désactivé
AdvancedRaw	On	Activé
AdvancedSceneMode	Aerial Photo / Underwater / Multi-aspect	Photo aérienne / Sous-marine / Multi-aspect
AdvancedSceneMode	Beach	Plage
AdvancedSceneMode	Bleach Bypass	Traitement sans blanchiment
AdvancedSceneMode	Cinema	Cinéma
AdvancedSceneMode	Color Select	Désaturation partielle
AdvancedSceneMode	Creative Macro	Macro créative
AdvancedSceneMode	Creative Night Scenery	Scène nocturne créative
AdvancedSceneMode	Creative Portrait	Portrait créatif
AdvancedSceneMode	Creative Scenery	Scènes créatives
AdvancedSceneMode	Creative Sports	Sports créatifs
AdvancedSceneMode	Cross Process	Traitement croisé
AdvancedSceneMode	Dynamic Art	Art dynamique
AdvancedSceneMode	Dynamic Monochrome	Monochrome dynamique
AdvancedSceneMode	Elegant	Élegant
AdvancedSceneMode	Expressive	Expressif
AdvancedSceneMode	Fantasy	Fantaisie
AdvancedSceneMode	Fireworks	Feux d'artifices
AdvancedSceneMode	Flower	Fleur
AdvancedSceneMode	HDR Art	HDR artistique
AdvancedSceneMode	HDR B&W	HDR N&B
AdvancedSceneMode	Handheld Night Shot	Photo nocturne à main levée
AdvancedSceneMode	High Dynamic	Haute dynamique
AdvancedSceneMode	High Key	Tons clairs
AdvancedSceneMode	High Sensitivity	Haute Sensibilité
AdvancedSceneMode	High-speed Burst (shot 1)	Rafale haute vitesse (prise de vue 1)
AdvancedSceneMode	High-speed Burst (shot 2)	Rafale haute vitesse (prise de vue 2)
AdvancedSceneMode	High-speed Burst (shot 3)	Rafale haute vitesse (prise de vue 3)
AdvancedSceneMode	Impressive Art	Impressionisme
AdvancedSceneMode	Indoor Portrait	Portrait en intérieur
AdvancedSceneMode	Indoor Sports	Sports en intérieur
AdvancedSceneMode	Low Key	Tons sombres
AdvancedSceneMode	Miniature	Effet miniature
AdvancedSceneMode	Off	Désactivé
AdvancedSceneMode	Old Days	Vieux jours
AdvancedSceneMode	Outdoor Portrait	Portrait en extérieur
AdvancedSceneMode	Outdoor Sports	Sports en extérieur
AdvancedSceneMode	Retro	Rétro
AdvancedSceneMode	Rough Monochrome	Monochrome brut
AdvancedSceneMode	Sepia	Sépia
AdvancedSceneMode	Silky Monochrome	Monochrome soyeux
AdvancedSceneMode	Snow	Neige
AdvancedSceneMode	Soft	Mise au point douce
AdvancedSceneMode	Star	Filtre étoile
AdvancedSceneMode	Starry Sky	Ciel étoilé
AdvancedSceneMode	Sunshine	Ensoleillée
AdvancedSceneMode	Toy Effect	Effet jouet
AdvancedSceneMode	Toy Pop	Jouet Pop
AmbienceSelection	Brighter	Plus lumineux
AmbienceSelection	Cool	Frais
AmbienceSelection	Darker	Plus sombre
AmbienceSelection	Soft	Douce
AmbienceSelection	Vivid	Éclatant
AmbienceSelection	Warm	Chaud
Anti-Blur	Off	Désactivé
Anti-Blur	On (Continuous)	Activé (continu)
Anti-Blur	On (Shooting)	Activé (Prise de vue)
Anti-Blur	n/a	Non applicable
ApertureRange	Disable	Désactivé
ApertureRange	Enable	Activée
ApertureRingUse	Permitted	Autorisée
ApertureRingUse	Prohibited	Interdite
ApplyShootingMeteringMode	Disable	Désactivé
ApplyShootingMeteringMode	Enable	Activée
ArtFilter	Cross Process	Traitement croisé
ArtFilter	Cross Process II	Traitement croisé II
ArtFilter	Partial Color	Couleur partielle
ArtFilter	Partial Color II	Couleur partielle II
ArtFilter	Partial Color III	Couleur partielle III
ArtFilter	Soft Focus	Flou artistique
ArtFilter	Soft Focus 2	Flou artistique 2
ArtFilterEffect	Cross Process	Traitement croisé
ArtFilterEffect	Cross Process II	Traitement croisé II
ArtFilterEffect	Partial Color	Couleur partielle
ArtFilterEffect	Partial Color II	Couleur partielle II
ArtFilterEffect	Partial Color III	Couleur partielle III
ArtFilterEffect	Soft Focus	Flou artistique
ArtFilterEffect	Soft Focus 2	Flou artistique 2
ArtMode	Art HDR	HDR artistique
ArtMode	Light Tone	Tonalité claire
ArtMode	Painting	Peinture
ArtMode	Toy Camera	Caméra jouet
AspectRatio	16:9, 525 line, NTSC	16:9, 525 lignes, NTSC
AspectRatio	16:9, 625 line, PAL	16:9, 625 lignes, PAL
AspectRatio	3:2 (APS-C crop)	3:2 (recadrage APS-C)
AspectRatio	3:2 (APS-H crop)	3:2 (recadrage APS-H))
AspectRatio	4:3 crop	4:3 recadré
AspectRatio	4:3, 525 line, NTSC, CCIR601	4:3, 525 lignes, NTSC, CCIR601
AspectRatio	4:3, 625 line, PAL, CCIR601	4:3, 625 lignes, PAL, CCIR601
AspectRatioType	Fixed	Fixe
AspectRatioType	Free Resizing	Redimensionnement libre
AspectRatioType	Keep Aspect Ratio	Conserver le ratio d'aspect
AssignFuncButton	Exposure comp./AEB setting	Correct. expo/réglage AEB
AssignFuncButton	Image jump with main dial	Saut image par molette principale
AssignFuncButton	Image quality	Changer de qualité
AssignFuncButton	LCD brightness	Luminosité LCD
AssignFuncButton	Live view function settings	Réglages Visée par l’écran
AssignMB-D17FuncButtonPlusDials	Active D-Lighting	D-Lighting actif
AssignMB-D18FuncButtonPlusDials	Active D-Lighting	D-Lighting actif
AssignMovieRecordButton	HDR Overlay	Recouvrement HDR
AssistButtonFunction	Av+/- (AF point by QCD)	Av+/- (AF par mol. AR)
AssistButtonFunction	FE lock	Mémo expo. au flash
AssistButtonFunction	Normal	Normale
AssistButtonFunction	Select HP (while pressing)	Sélect. HP (en appuyant)
AssistButtonFunction	Select Home Position	Sélect. position origine
Audio	No	Non
Audio	Stereo	Stéréo
Audio	Yes	Oui
AudioBitrateMode	Fixed	Fixe
AudioButton	HDR Overlay	Recouvrement HD
AudioButtonPlaybackMode	HDR Overlay	Recouvrement HD
AudioType	Mono Actuality	Actualité (audio mono (1 canal)
AudioType	Mono Music	Musique, transmise par elle-même (audio mono (1 canal)
AudioType	Mono Question and Answer Session	Question et réponse (audio mono (1 canal)
AudioType	Mono Raw Sound	Son brut (audio mono (1 canal)
AudioType	Mono Response to a Question	Réponse à une question (audio mono (1 canal)
AudioType	Mono Scener	Scener (audio mono (1 canal)
AudioType	Mono Voicer	Voix (audio mono (1 canal)
AudioType	Mono Wrap	Wrap (audio mono (1 canal)
AudioType	Stereo Actuality	Actualité (audio stéréo (2 canaux)
AudioType	Stereo Music	Musique, transmise par elle-même (audio stéréo (2 canaux)
AudioType	Stereo Question and Answer Session	Question et réponse (audio stéréo (2 canaux)
AudioType	Stereo Raw Sound	Son brut (audio stéréo (2 canaux)
AudioType	Stereo Response to a Question	Réponse à une question (audio stéréo (2 canaux)
AudioType	Stereo Scener	Scener (audio stéréo (2 canaux)
AudioType	Stereo Voicer	Voix (audio stéréo (2 canaux)
AudioType	Stereo Wrap	Wrap (audio stéréo (2 canaux)
AudioType	Text Only	Texte seul (pas de données d'objet)
AutoAperture	Off	Désactivé
AutoAperture	On	Activé
AutoBracketSet	Active D-Lighting	D-Lighting actif
AutoBracketing	Off	Désactivé
AutoBracketing	On	Activé
AutoBracketingSet	Active D-Lighting	D-Lighting actif
AutoDistortionControl	Off	Désactivé
AutoDistortionControl	On	Activé
AutoDistortionControl	On (underwater)	Activé (sous l'eau)
AutoExposureBracketing	Off	Désactivé
AutoExposureBracketing	On	Activé
AutoExposureBracketing	On (shot 1)	Activé (prise de vue 1)
AutoExposureBracketing	On (shot 2)	Activé (prise de vue 2)
AutoExposureBracketing	On (shot 3)	Activé (prise de vue 3)
AutoFP	Off	Désactivé
AutoFP	On	Activé
AutoFocus	Off	Désactivé
AutoFocus	On	Activé
AutoISO	High Speed	Haute vitesse
AutoISO	Off	Désactivé
AutoISO	On	Activé
AutoISO	On (anti-shake)	Activé (anti-vibration)
AutoISO	On (high sensitivity)	Activé (haute sensibilité)
AutoLightingOptimizer	Disable	Désactivé
AutoLightingOptimizer	Enable	Actif
AutoLightingOptimizer	Low	Faible
AutoLightingOptimizer	Off	Désactivé
AutoLightingOptimizer	Strong	Importante
AutoLightingOptimizer	n/a	Non applicable
AutoLightingOptimizerOn	No	Non
AutoLightingOptimizerOn	Yes	Oui
AutoPortraitFramed	No	Non
AutoRedEye	Off	Désactivé
AutoRedEye	On	Activé
AutoRotate	None	Aucune
AutoRotate	Rotate 180	Rotation de 180°
AutoRotate	Rotate 270 CW	Rotation antihoraire de 270°
AutoRotate	Rotate 90 CW	Rotation antihoraire de 90°
AutoRotate	n/a	Non applicable
AvSettingWithoutLens	Disable	Désactivé
AvSettingWithoutLens	Enable	Activé
BWMode	(none)	(aucun))
BWMode	Off	Désactivé
BWMode	On	Activé
BackgroundTiling	No	Non
BackgroundTiling	Yes	Oui
Backlight	Back Lit 1	Rétroéclairage 1
Backlight	Back Lit 2	Rétroéclairage 1
Backlight	Front Lit	Lumière frontale
BannerImageType	None	Aucune
BatteryLevel	Full	Totalement chargée
BatteryLevel	Low	Niveau bas
BatteryLevel	Medium	Niveau moyen
BatteryLevel	Medium Low	Niveau moyen bas
BatteryLevel	Near Empty	Presque vide
BatteryLevel	Near Full	Presque totalement chargée
BatteryLevel	n/a	Non applicable
Beep	High	Bruyant
Beep	Low	Calme
Beep	Off	Désactivé
Beep	On	Activé
BeepVolume	Off	Désactivé
BestShotMode	Anti Shake	Anti-vibration
BestShotMode	Auction	Enchères
BestShotMode	Auto Best Shot	Meilleure prise de vue automatique
BestShotMode	Auto Framing	Cadrage automatique
BestShotMode	Autumn Leaves	Feuilles d'automne
BestShotMode	Baby CS	Bébé CS
BestShotMode	Backlight	Contre-jour
BestShotMode	Beach	Plage
BestShotMode	Blurred Background	Arrière-plan flou
BestShotMode	Business Cards	Cartes de visite
BestShotMode	Candlelight Portrait	Portrait à la chandelle
BestShotMode	Child CS	Enfant CS
BestShotMode	Child High Speed Movie	Vidéo d'enfant à grande vitesse
BestShotMode	Children	Enfants
BestShotMode	Cross Filter	Filtre transversal
BestShotMode	Dynamic Photo	Photo dynamique
BestShotMode	Fashion Accessories	Accessoires de mode
BestShotMode	Fireworks	Feux d'artifice
BestShotMode	Flower	Fleur
BestShotMode	Food	Alimentation
BestShotMode	For YouTube	Pour YouTube
BestShotMode	For eBay	Pour eBay
BestShotMode	HDR Art	HDR artistique
BestShotMode	High Sensitivity	Haute Sensibilité
BestShotMode	High Speed Anti Shake	Anti-vibration à grande vitesse
BestShotMode	High Speed Best Selection	Meilleure sélection à haute vitesse
BestShotMode	High Speed CS	Haute vitesse CS
BestShotMode	High Speed Lighting	Éclairage à haute vitesse
BestShotMode	High Speed Night Scene	Scène nocturne à haute vitesse
BestShotMode	High Speed Night Scene and Portrait	Scène nocturne à haute vitesse et Portrait
BestShotMode	High Speed Night Shot	Photo nocturne à haute vitesse
BestShotMode	Interval Movie	Film à intervalles
BestShotMode	Interval Snapshot	Instantané à intervalle
BestShotMode	Lag Correction	Correction du décalage
BestShotMode	Layout (2 images)	Mise en page (2 images)
BestShotMode	Layout (3 images)	Mise en page (3 images)
BestShotMode	Light Tone	Tonalités claires
BestShotMode	Move In CS	Entrer CS
BestShotMode	Move Out CS	Sortir CS
BestShotMode	Movie	Vidéo
BestShotMode	Multi SR Zoom	Zoom SR multiple
BestShotMode	Multi-motion Image	Image multi-mouvement
BestShotMode	Natural Green	Vert naturel
BestShotMode	Night Scene	Scène nocturne
BestShotMode	Night Scene Portrait	Portrait de scène nocturne
BestShotMode	Off	Désactivé
BestShotMode	Oil Painting	Peinture à l'huile
BestShotMode	Old Photo	Vieille photo
BestShotMode	Party	Fête
BestShotMode	Past Movie	Vidéo passée
BestShotMode	People	Personnes
BestShotMode	Pet	Animal de compagnie
BestShotMode	Pet CS	Animal de compagnie CS
BestShotMode	Pet High Speed Movie	Film animalier à grande vitesse
BestShotMode	Portrait with Scenery	Portrait avec paysage
BestShotMode	Pre-record Movie	Pré-enregistrement de la vidéo
BestShotMode	Premium Auto	Auto Premium
BestShotMode	Prerecord (Movie)	Pré-enregistrement (Vidéo)
BestShotMode	Retro	Rétro
BestShotMode	Scenery	Paysage
BestShotMode	Self Slow Motion (behind)	Ralenti automatique (arrière)
BestShotMode	Self Slow Motion (front)	Ralenti automatique (avant)
BestShotMode	Self-portrait (1 person)	Autoportrait (1 personne)
BestShotMode	Self-portrait (2 people)	Autoportrait (2 personnes)
BestShotMode	Sepia	Sépia
BestShotMode	Short Movie	Court-métrage
BestShotMode	Silent	Silencieux
BestShotMode	Slide Panorama	Panorama de diapositives
BestShotMode	Slow Motion Swing (behind)	Swing au ralenti (derrière)
BestShotMode	Slow Motion Swing (front)	Swing au ralenti (avant)
BestShotMode	Snow	Neige
BestShotMode	Soft Flowing Water	Eau douce qui coule
BestShotMode	Soft Focus	Flou artistique
BestShotMode	Splashing Water	Éclaboussures d'eau
BestShotMode	Sports High Speed Movie	Film de sport à haute vitesse
BestShotMode	Sundown	Crépuscule
BestShotMode	Swing Burst	Swing éclaté
BestShotMode	Text	Texte
BestShotMode	Toy Camera	Caméra jouet
BestShotMode	Twilight	Crépuscule
BestShotMode	Underwater	Subaquatique
BestShotMode	Voice Recording	Enregistrement de la voix
BestShotMode	Water Color	Couleur de l'eau
BestShotMode	White Board	Tableau blanc
BestShotMode	Wide Shot	Plan large
BleachBypassToning	Blue	Bleu
BleachBypassToning	Green	Vert
BleachBypassToning	Off	Désactivé
BleachBypassToning	Purple	Violet
BleachBypassToning	Red	Rouge
BleachBypassToning	Yellow	Jaune
BleachBypassToning	n/a	Non applicable
BlurWarning	Blur Warning	Alerte de flou
BlurWarning	None	Aucune
BodyBatteryState	Almost Empty	Presque vide
BodyBatteryState	Empty or Missing	Vide ou absent
BodyBatteryState	Full	Plein
BodyBatteryState	Running Low	En baisse
BracketMode	Off	Désactivé
BracketProgram	N/A	N/a
BracketShotNumber	1 of 3	1 sur 3
BracketShotNumber	1 of 5	1 sur 5
BracketShotNumber	2 of 3	2 sur 3
BracketShotNumber	2 of 5	2 sur 5
BracketShotNumber	3 of 3	3 sur 3
BracketShotNumber	3 of 5	3 sur 5
BracketShotNumber	4 of 5	4 sur 5
BracketShotNumber	5 of 5	5 sur 5
BracketShotNumber	n/a	Non applicable
BurstMode	Infinite	Infini
BurstMode	Off	Désactivé
BurstMode	On	Activé
ButtonFunctionControlOff	Disable main, Control, Multi-control	Désactivée principale, Contrôle rapide, Multicontrôleur
ButtonFunctionControlOff	Normal (enable)	Normale (activée)
CFALayout	Even columns offset down 1/2 row	Organisation décalée A : les colonnes paires sont décalées vers le bas d'une demi-rangée.
CFALayout	Even columns offset up 1/2 row	Organisation décalée B : les colonnes paires sont décalées vers le haut d'une demi-rangée.
CFALayout	Even rows offset left 1/2 column	Organisation décalée D : les rangées paires sont décalées vers la gauche d'une demi-colonne.
CFALayout	Even rows offset right 1/2 column	Organisation décalée C : les rangées paires sont décalées vers la droite d'une demi-colonne.
CFALayout	Rectangular	Plan rectangulaire (ou carré)
CFAPattern	[Blue,Green][Green,Red]	[Bleu,Vert][Vert,Rouge]
CFAPattern	[Green,Blue][Red,Green]	[Vert,Bleu][Rouge,Vert]
CFAPattern	[Green,Red][Blue,Green]	[Vert,Rouge][Bleu,Vert]
CFAPattern	[Red,Green][Green,Blue]	[Rouge,Vert][Vert,Bleu]
CFAPattern	n/a	Non applicable
CPUArchitecture	32 bit	32 bits
CPUArchitecture	64 bit	64 bits
CPUType	None	Aucune
CR2CFAPattern	[Blue,Green][Green,Red]	[Bleu,Vert][Vert,Rouge]
CR2CFAPattern	[Green,Blue][Red,Green]	[Vert,Bleu][Rouge,Vert]
CR2CFAPattern	[Green,Red][Blue,Green]	[Vert,Rouge][Bleu,Vert]
CR2CFAPattern	[Red,Green][Green,Blue]	[Rouge,Vert][Vert,Bleu]
CalibrationIlluminant1	Cloudy	Temps nuageux
CalibrationIlluminant1	Cool White Fluorescent	Fluorescente type soft
CalibrationIlluminant1	Day White Fluorescent	Fluorescente type blanc
CalibrationIlluminant1	Daylight	Lumière du jour
CalibrationIlluminant1	Daylight Fluorescent	Fluorescente type jour
CalibrationIlluminant1	Fine Weather	Beau temps
CalibrationIlluminant1	Fluorescent	Fluorescente
CalibrationIlluminant1	ISO Studio Tungsten	Tungstène studio ISO
CalibrationIlluminant1	Other	Autre source de lumière
CalibrationIlluminant1	Shade	Ombre
CalibrationIlluminant1	Standard Light A	Lumière standard A
CalibrationIlluminant1	Standard Light B	Lumière standard B
CalibrationIlluminant1	Standard Light C	Lumière standard C
CalibrationIlluminant1	Tungsten (Incandescent)	Tungstène (lumière incandescente)
CalibrationIlluminant1	Unknown	Inconnue
CalibrationIlluminant1	Warm White Fluorescent	Fluorescent blanc chaud
CalibrationIlluminant1	White Fluorescent	Fluorescent blanc
CalibrationIlluminant2	Cloudy	Temps nuageux
CalibrationIlluminant2	Cool White Fluorescent	Fluorescente type soft
CalibrationIlluminant2	Day White Fluorescent	Fluorescente type blanc
CalibrationIlluminant2	Daylight	Lumière du jour
CalibrationIlluminant2	Daylight Fluorescent	Fluorescente type jour
CalibrationIlluminant2	Fine Weather	Beau temps
CalibrationIlluminant2	Fluorescent	Fluorescente
CalibrationIlluminant2	ISO Studio Tungsten	Tungstène studio ISO
CalibrationIlluminant2	Other	Autre source de lumière
CalibrationIlluminant2	Shade	Ombre
CalibrationIlluminant2	Standard Light A	Lumière standard A
CalibrationIlluminant2	Standard Light B	Lumière standard B
CalibrationIlluminant2	Standard Light C	Lumière standard C
CalibrationIlluminant2	Tungsten (Incandescent)	Tungstène (lumière incandescente)
CalibrationIlluminant2	Unknown	Inconnue
CalibrationIlluminant2	Warm White Fluorescent	Fluorescent blanc chaud
CalibrationIlluminant2	White Fluorescent	Fluorescent blanc
CameraOrientation	Downwards	Dirigé vers le bas
CameraOrientation	Horizontal (normal)	À l'horizontal (normal)
CameraOrientation	Normal	Orientation Normale
CameraOrientation	Rotate 180	Pivoté de de 180°
CameraOrientation	Rotate 270 CW	Pivoté de 270° dans le sens antihoraire
CameraOrientation	Rotate 90 CW	Pivoté de 90° dans le sens antihoraire
CameraOrientation	Rotate CCW	Pivoté à droite
CameraOrientation	Rotate CW	Pivoté à gauche
CameraOrientation	Tilt Downwards	Incliné vers le bas
CameraOrientation	Tilt Upwards	Incliné vers le haut
CameraOrientation	Upwards	Dirigé vers le haut
CameraPictureStyle	Landscape	Paysage
CameraPictureStyle	Neutral	Neutre
CameraPictureStyle	User Defined 1	Défini par l'utilisateur 1
CameraPictureStyle	User Defined 2	Défini par l'utilisateur 2
CameraPictureStyle	User Defined 3	Défini par l'utilisateur 3
CameraType	n/a	Non applicable
CanonExposureMode	Aperture-priority AE	Priorité à l'ouverture AE
CanonExposureMode	Bulb	Ampoule
CanonExposureMode	Depth-of-field AE	Profondeur de champ AE
CanonExposureMode	Easy	Simple
CanonExposureMode	Flexible-priority AE	Priorité flexible AE
CanonExposureMode	Manual	Manuel
CanonExposureMode	Program AE	Programme d'exposition automatique
CanonExposureMode	Shutter speed priority AE	Priorité à la vitesse d'obturation AE
CanonFlashMode	External flash	Flash externe
CanonFlashMode	Off	Désactivé
CanonFlashMode	On	Activé
CanonFlashMode	Red-eye reduction	Réduction yeux rouges
CanonFlashMode	Red-eye reduction (Auto)	Réduction yeux rouges (Auto)
CanonFlashMode	Red-eye reduction (On)	Réduction yeux rouges (Activée)
CanonFlashMode	Slow-sync	Synchro lente
CanonFlashMode	n/a	Non applicable
CanonImageSize	1280x720 Movie	Vidéo 1280x720
CanonImageSize	1920x1080 Movie	Vidéo 1920x1080
CanonImageSize	4096x2160 Movie	Vidéo 4096x2160
CanonImageSize	640x480 Movie	Vidéo 640x480
CanonImageSize	Large	Grande
CanonImageSize	Medium	Moyenne
CanonImageSize	Medium 1	Moyenne 1
CanonImageSize	Medium 2	Moyenne 2
CanonImageSize	Medium 3	Moyenne 3
CanonImageSize	Medium Movie	Vidéo moyenne
CanonImageSize	Medium Widescreen	Écran large moyen
CanonImageSize	Postcard	Carte postale
CanonImageSize	Small	Petite
CanonImageSize	Small 1	Petite 1
CanonImageSize	Small 2	Petite 2
CanonImageSize	Small 3	Petite 3
CanonImageSize	Small Movie	Petite vidéo
CanonImageSize	Widescreen	Écran large
CanonImageSize	n/a	Non applicable
CanonLogVersion	OFF	Désactivé
CaptureXResolutionUnit	um	µm (micromètre)
CaptureYResolutionUnit	um	µm (micromètre)
CasioQuality	Economy	Économie
CasioQuality	Normal	Normale
Categories	(none)	(aucune)
Categories	Events	Événements
Categories	People	Personnes
Categories	Scenery	Paysage
Categories	To Do	À faire
Categories	User 1	Utilisateur 1
Categories	User 2	Utilisateur 2
Categories	User 3	Utilisateur 3
CenterWeightedAreaSize	Average	Moyenne
CharacterSet	191 characters ISO 8850-1	191 caractères ISO 8850-1
CharacterSet	38 characters ISO 646	38 caractères ISO 646
CharacterSet	65 characters ISO 646	65 caractères ISO 646
CharacterSet	95 characters ISO 646	95 caractères ISO 646
CharacterSet	Includes characters not ISO 2375 registered	Comprend des caractères non enregistrés dans l'ISO 2375
CharacterSet	Windows, Arabic	Windows, Arabe
CharacterSet	Windows, Chinese (Simplified)	Windows, Chinois (Simplifié)
CharacterSet	Windows, Cyrillic	Windows, Cyrillique
CharacterSet	Windows, Greek	Windows, Grec
CharacterSet	Windows, Hebrew	Windows, Hébreux
CharacterSet	Windows, Japan (Shift - JIS X-0208)	Windows, Japonais (Majuscule - JIS X-0208)
CharacterSet	Windows, Korea (Shift - KSC 5601)	Windows, Coréen (Majuscule - KSC 5601)
CharacterSet	Windows, Latin2 (Eastern European)	Windows, Latin2 (Europe de l'Est)
CharacterSet	Windows, Turkish	Windows, Turc
CheckMark	Clear	Effacer
ChromaticAberrationCorrection	No correction params available	Aucun paramètre de correction disponible
ChromaticAberrationCorrection	Off	Désactivée
ChromaticAberrationCorrection	On	Activée
ChrominanceNR_TIFF_JPEG	Low	Bas
ChrominanceNR_TIFF_JPEG	Off	Désactivé
ChrominanceNoiseReduction	Low	Bas
ChrominanceNoiseReduction	Off	Désactivé
ClarityControl	Off	Désactivée
ClearRetouch	Off	Désactivée
ClearRetouch	On	Activée
CodecDecodeAll	No	Non
CodecDecodeAll	Yes	Oui
CodedContentScanningKind	Interlaced	Entrelacé
CodedContentScanningKind	Mixed	Mixte
CodedContentScanningKind	Progressive	Progressif
CodedContentScanningKind	Unknown	Inconnu
Color	Sepia	Sépia
ColorAberrationControl	Off	Désactivé
ColorAberrationControl	On	Activé
ColorAdjustmentMode	Off	Désactivé
ColorAdjustmentMode	On	Activé
ColorBalanceAdj	Off	Désactivé
ColorBalanceAdj	On	Activé
ColorBoostType	People	Personnes
ColorBooster	Off	Désactivé
ColorBooster	On	Activé
ColorEffect	Black & White	Noir et blanc
ColorEffect	Cool	Frais
ColorEffect	Happy	Joyeux
ColorEffect	Off	Désactivé
ColorEffect	Sepia	Sépia
ColorEffect	Vivid	Éclatant
ColorEffect	Warm	Chaud
ColorFilter	Blue	Bleu
ColorFilter	Full	Plein
ColorFilter	Green	Vert
ColorFilter	Off	Désactivé
ColorFilter	Pink	Rose
ColorFilter	Purple	Violet
ColorFilter	Red	Rouge
ColorFilter	Sepia	Sépia
ColorFilter	Yellow	Jaune
ColorMatrix	EOS Original	Originale EOS
ColorMatrix	Neutral	Neutre
ColorMode	Adobe RGB	Adobe RVB
ColorMode	Autumn Leaves	Feuilles automne
ColorMode	B & W	N & B
ColorMode	B&W	N&B
ColorMode	B&W Red Filter	Filtre rouge N&B
ColorMode	B&W Yellow Filter	Filtre jaune N&B
ColorMode	Bitmap	Matriciel
ColorMode	Black & White	Noir & Blanc
ColorMode	CMYK	CMJN
ColorMode	Clear	Clair
ColorMode	Color Palette	Palette de couleurs
ColorMode	Deep	Profond
ColorMode	Embed Adobe RGB	Adobe RVB intégré
ColorMode	Evening	Soir
ColorMode	FOV Classic Blue	FOV Bleu classique
ColorMode	Grayscale	Niveaux de gris
ColorMode	Indexed	Indexé
ColorMode	Indexed Color	Couleurs indexées
ColorMode	Landscape	Paysage
ColorMode	Light	Lumière
ColorMode	Multichannel	Multicanal
ColorMode	Natural	Naturel
ColorMode	Natural color	Couleur naturelle
ColorMode	Natural sRGB	SRVB naturel
ColorMode	Natural+ sRGB	SRVB naturel+
ColorMode	Neutral	Neutre
ColorMode	Neutral Color	Couleur neutre
ColorMode	Night Portrait	Portrait nocturne
ColorMode	Night Scene	Scène nocturne
ColorMode	Night View	Vue nocturne
ColorMode	Night View/Portrait	Vue/Portrait nocturne
ColorMode	Normal	Normale
ColorMode	Off	Désactivé
ColorMode	RGB	RVB
ColorMode	RGB Color	Couleur RVB
ColorMode	Saturated Color	Couleurs saturées
ColorMode	Solarization	Solarisation
ColorMode	Sunset	Coucher de soleil
ColorMode	Vivid	Éclatant
ColorMode	Vivid 2	Éclatant 2
ColorMode	Vivid color	Couleurs éclatantes
ColorMode	n/a	Non applicable
ColorMoireReduction	Off	Désactivé
ColorMoireReduction	On	Activé
ColorMoireReductionMode	High	Haut
ColorMoireReductionMode	Low	Bas
ColorMoireReductionMode	Medium	Moyen
ColorMoireReductionMode	Off	Désactivé
ColorRepresentation	3 Components, Frame Sequential in Multiple Objects	Trois composantes, Vue séquentielle dans différents objets
ColorRepresentation	3 Components, Frame Sequential in One Object	Trois composantes, Vue séquentielle dans un objet
ColorRepresentation	3 Components, Line Sequential	Trois composantes, Ligne séquentielle
ColorRepresentation	3 Components, Pixel Sequential	Trois composantes, Pixel séquentiel
ColorRepresentation	3 Components, Single Frame	Trois composantes, Vue unique
ColorRepresentation	3 Components, Special Interleaving	Trois composantes, Entrelacement spécial
ColorRepresentation	4 Components, Frame Sequential in Multiple Objects	Quatre composantes, Vue séquentielle dans différents objets
ColorRepresentation	4 Components, Frame Sequential in One Object	Quatre composantes, Vue séquentielle dans un objet
ColorRepresentation	4 Components, Line Sequential	Quatre composantes, Ligne séquentielle
ColorRepresentation	4 Components, Pixel Sequential	Quatre composantes, Pixel séquentiel
ColorRepresentation	4 Components, Single Frame	Quatre composantes, Vue unique
ColorRepresentation	4 Components, Special Interleaving	Quatre composantes, Entrelacement spécial
ColorRepresentation	Monochrome, Single Frame	Monochrome, Vue unique
ColorRepresentation	No Image, Single Frame	Pas d'image, Vue unique
ColorSpace	Adobe RGB	Adobe RVB
ColorSpace	Adobe RGB (A700)	Adobe RVB (A700)
ColorSpace	Adobe RGB (ICC)	Adobe RVB (ICC)
ColorSpace	B&W	N&B
ColorSpace	ICC Profile	Profil ICC
ColorSpace	RGB	RVB
ColorSpace	Uncalibrated	Non calibré
ColorSpace	Wide Gamut RGB	Wide Gamut RVB
ColorSpace	n/a	Non applicable
ColorSpace	sRGB	sRVB
ColorSpecApproximation	Accurate	Précise
ColorSpecApproximation	Exceptional Quality	Qualité exceptionnelle
ColorSpecApproximation	Not Specified	Non spécifié
ColorSpecApproximation	Poor Quality	Qualité médiocre
ColorSpecApproximation	Reasonable Quality	Qualité raisonnable
ColorTone	Normal	Normale
ColorToneAuto	n/a	Non applicable
ColorToneFaithful	n/a	Non applicable
ColorToneLandscape	n/a	Non applicable
ColorToneMonochrome	n/a	Non applicable
ColorToneNeutral	n/a	Non applicable
ColorTonePortrait	n/a	Non applicable
ColorToneStandard	n/a	Non applicable
ColorToneUserDef1	n/a	Non applicable
ColorToneUserDef2	n/a	Non applicable
ColorToneUserDef3	n/a	Non applicable
ColorType	RGB	RVB
CommandDialsChangeMainSub	Off	Désactivé
CommandDialsChangeMainSub	On	Activé
CommandDialsMenuAndPlayback	Off	Désactivé
CommandDialsMenuAndPlayback	On	Activé
CommandDialsReverseRotation	No	Non
CommandDialsReverseRotation	Yes	Oui
CommanderGroupAMode	Manual	Manuelle
CommanderGroupAMode	Off	Désactivé
CommanderGroupBMode	Manual	Manuelle
CommanderGroupBMode	Off	Désactivé
CommanderInternalFlash	Manual	Manuelle
CommanderInternalFlash	Off	Désactivé
Compilation	No	Non
Compilation	Yes	Oui
ComponentsConfiguration	Alpha (matte)	Alpha (mat)
ComponentsConfiguration	Alpha, B, G, R	Alpha, B, V, R
ComponentsConfiguration	Blue (B)	Bleu (B)
ComponentsConfiguration	Chrominance (Cb, Cr, subsampled by two)	Chrominance (Cb, Cr, sous-échantillonné par deux)
ComponentsConfiguration	Composite video	Vidéo composite
ComponentsConfiguration	Depth (Z)	Profondeur (Z)
ComponentsConfiguration	G	V
ComponentsConfiguration	Green (G)	Vert (V)
ComponentsConfiguration	R, G, B	R, V, B
ComponentsConfiguration	R, G, B, Alpha	R, V, B, Alpha
ComponentsConfiguration	Red (R)	Rouge (R)
ComponentsConfiguration	User-defined 2 component element	Élément à 2 composants défini par l'utilisateur
ComponentsConfiguration	User-defined 3 component element	Élément à 3 composants défini par l'utilisateur
ComponentsConfiguration	User-defined 4 component element	Élément à 4 composants défini par l'utilisateur
ComponentsConfiguration	User-defined 5 component element	Élément à 5 composants défini par l'utilisateur
ComponentsConfiguration	User-defined 6 component element	Élément à 6 composants défini par l'utilisateur
ComponentsConfiguration	User-defined 7 component element	Élément à 7 composants défini par l'utilisateur
ComponentsConfiguration	User-defined 8 component element	Élément à 8 composants défini par l'utilisateur
ComponentsConfiguration	User-defined single component	Composant unique défini par l\utilisateur
CompositeImage	Composite Image Captured While Shooting	Image composite capturée pendant la prise de vue
CompositeImage	General Composite Image	Image composite générale
CompositeImage	Not a Composite Image	N'est pas une image composite
CompositeImage	Unknown	Inconnue
Compression	4-Bit RLE	4 Bits RLE
Compression	8-Bit RLE	8 Bits RLE
Compression	Aperio JPEG 2000 RGB	Aperio JPEG 2000 RVB
Compression	Bitfields	Champs de bits
Compression	Deflated	Deflaté
Compression	Huffman-coded baseline JPEG	JPEG de base à codage Huffman
Compression	JBIG B&W	JBIG N&B
Compression	JBIG Color	JBIG Couleur
Compression	JPEG	Compression JPEG
Compression	JPEG (old-style)	JPEG (ancien schéma)
Compression	JPEG-LS	JPEG LS
Compression	Kodak DCR Compressed	Compressé avec Kodak DCR
Compression	Kodak KDC Compressed	Compressé avec Kodak KDC
Compression	Lossy JPEG	JPEG avec pertes
Compression	Microsoft Document Imaging (MDI) Binary Level Codec	Microsoft Document Imaging (MDI) Codec de niveau binaire
Compression	Microsoft Document Imaging (MDI) Progressive Transform Codec	Microsoft Document Imaging (MDI) Codec de transformation progressive
Compression	Microsoft Document Imaging (MDI) Vector	Microsoft Document Imaging (MDI) Vectoriel
Compression	Modified Huffman	Huffman modifié
Compression	Modified Modified READ	LECTURE Modifiée Modifiée
Compression	Modified READ	LECTURE Modifiée
Compression	Next	Encodage NeXT 2 bits
Compression	Nikon NEF Compressed	Nikon NEF compressé
Compression	None	Aucun
Compression	Packed RAW	RAW encapsulé
Compression	Panasonic RAW 1	RAW 1 Panasonic
Compression	Panasonic RAW 2	RAW 2 Panasonic
Compression	Panasonic RAW 3	RAW 3 Panasonic
Compression	Panasonic RAW 4	RAW 4 Panasonic
Compression	Pentax PEF Compressed	Compression Pentax PEF
Compression	PixarFilm	Film Pixar
Compression	PixarLog	Journal Pixar
Compression	RLE Encoding	Encodage RLE
Compression	SGILog	Encodage Log luminance SGI 32 bits
Compression	SGILog24	Encodage Log luminance SGI 24 bits
Compression	Samsung SRW Compressed	Samsung SRW Compressé
Compression	Samsung SRW Compressed 2	Samsung SRW Compressé 2
Compression	Sony ARW Compressed	Sony ARW Compressé
Compression	T4/Group 3 Fax	T4/Groupe 3 Fax
Compression	T6/Group 4 Fax	T6/Groupe 4 Fax
Compression	Thunderscan	Encodage ThunderScan 4 bits
Compression	Uncompressed	Non compressé
Compression	Uncompressed, interleaved, 8 bits per sample	Non compressé, entrelacé, 8 bits par échantillon
Compression	ZIP with prediction	ZIP avec prédiction
Compression	ZIP without prediction	ZIP sans prédiction
CompressionType	None	Aucune
ConstantFrameRate	Constant Frame Rate	Fréquence d'images constante
ConstantFrameRate	Each Temporal Layer is Constant Frame Rate	Chaque couche temporelle a une fréquence d'images constante
ConstantFrameRate	Unknown	Inconnue
ContinuousDrive	Continuous	Continu
ContinuousDrive	Continuous, High	Continu, Haut
ContinuousDrive	Continuous, High+	Continu, Haut+
ContinuousDrive	Continuous, Low	Continu, bas
ContinuousDrive	Continuous, Silent	Continu, silencieux
ContinuousDrive	Continuous, Speed Priority	Continu, Priorité à la vitesse
ContinuousDrive	Movie	Vidéo
ContinuousDrive	Silent Single	Simple silencieux
ContinuousDrive	Single	Simple
ContinuousDrive	Single, Silent	Simple, Silencieux
ContinuousShootingSpeed	Disable	Désactivé
ContinuousShootingSpeed	Enable	Activée
ContinuousShotLimit	Disable	Désactivé
ContinuousShotLimit	Enable	Activée
Contrast	+1 (medium high)	+1 (moyen fort)
Contrast	+2 (high)	+2 (fort)
Contrast	+3 (very high)	+3 (très fort)
Contrast	+4 (maximum)	+4 (maximal)
Contrast	-1 (medium low)	-1 (moyen faible)
Contrast	-2 (low)	-2 (faible)
Contrast	-3 (very low)	-3 (très faible)
Contrast	-4 (minimum)	4 (minimal)
Contrast	0 (normal)	0 (Normal)
Contrast	Film Simulation	Simulation de film
Contrast	High	Fort
Contrast	Low	Faible
Contrast	Medium High	Moyen fort
Contrast	Medium Low	Moyen faible
Contrast	Normal	Normale
Contrast	n/a	Non applicable
ContrastAuto	n/a	Non applicable
ContrastFaithful	n/a	Non applicable
ContrastLandscape	n/a	Non applicable
ContrastMode	Cinema	Cinéma
ContrastMode	Cross Process	Traitement croisé
ContrastMode	Cross Process 2	Traitement croisé 2
ContrastMode	Dynamic (B&W Film)	Dynamique (Film N&B)
ContrastMode	Dynamic (Color Film)	Dynamique (Film couleur)
ContrastMode	Dynamic Art (My Color)	Art dynamique (My Color)
ContrastMode	Dynamic Mono	Dynamique Mono
ContrastMode	Dynamic Monochrome	Dynamique Monochrome
ContrastMode	Dynamic Monochrome 2	Dynamique Monochrome 2
ContrastMode	Dynamic Range (film-like)	Plage dynamique (similaire à celle d'un film)
ContrastMode	Elegant (My Color)	Élégant (My Color)
ContrastMode	Expressive	Expressif
ContrastMode	Expressive 2	Expressif 2
ContrastMode	Fantasy	Fantaisie
ContrastMode	High	Haut
ContrastMode	High Dynamic	Haute dynamique
ContrastMode	High Dynamic 2	Haute dynamique 2
ContrastMode	High Key 2	Tons clairs 2
ContrastMode	Impressive Art	Art impressionnant
ContrastMode	Impressive Art 2	Art impressionnant 2
ContrastMode	Low	Bas
ContrastMode	Low Key	Tons sombres
ContrastMode	Low Key 2	Tons sombres 2
ContrastMode	Match Filter Effects Toy	Jouet à effets de filtres assortis
ContrastMode	Match Photo Style L. Monochrome	Correspondre au style de photo L. Monochrome
ContrastMode	Medium High	Moyennement élevé
ContrastMode	Medium Low	Moyennement faible
ContrastMode	Nature (Color Film)	Nature (film couleur)
ContrastMode	Nostalgic (Color Film)	Nostalgique (Film couleur)
ContrastMode	Old Days	Vieux jours
ContrastMode	Retro	Rétro
ContrastMode	Retro (My Color)	Rétro (My Color)
ContrastMode	Retro 2	Rétro 2
ContrastMode	Sepia	Sépia
ContrastMode	Smooth (B&W Film)	Doux (Film Noir & Blanc)
ContrastMode	Smooth (Color Film) or Pure (My Color)	Doux (Film couleur) ou Pur (My Color)
ContrastMode	Toy Effect	Effet jouet
ContrastMode	Toy Effect 2	Effet jouet 2
ContrastMode	Toy Pop	Jouet Pop
ContrastMode	Vibrant (Color Film) or Expressive (My Color)	Vibrant (Film couleur) ou expressif (My Color)
ContrastMonochrome	n/a	Non applicable
ContrastNeutral	n/a	Non applicable
ContrastPortrait	n/a	Non applicable
ContrastStandard	n/a	Non applicable
ContrastUserDef1	n/a	Non applicable
ContrastUserDef2	n/a	Non applicable
ContrastUserDef3	n/a	Non applicable
ControlMode	Camera Local Control	Commande locale de la caméra
ControlMode	Computer Remote Control	Télécommande de l'ordinateur
ControlMode	n/a	Non applicable
ConversionLens	Off	Désactivée
ConversionLens	Telephoto	Téléobjectif
ConversionLens	Wide	Grand angle
CopyrightStatus	Unknown	Inconnu
CreativeStyle	Adobe RGB	Adobe RVB
CreativeStyle	Autumn Leaves	Feuilles d'automne
CreativeStyle	B&W	N&B
CreativeStyle	Clear	Clair
CreativeStyle	Deep	Profond
CreativeStyle	Landscape	Paysage
CreativeStyle	Light	Lumière
CreativeStyle	Neutral	Neutre
CreativeStyle	Night View/Portrait	Vue/Portrait nocturne
CreativeStyle	None	Aucun
CreativeStyle	Real	Réel
CreativeStyle	Sepia	Sépia
CreativeStyle	Sunset	Coucher de soleil
CreativeStyle	Vivid	Éclatant
CreativeStyle	Vivid 2	Éclatant 2
CreativeStyleSetting	B&W	N&B
CreativeStyleSetting	Landscape	Paysage
CreativeStyleSetting	Sunset	Coucher de soleil
CreativeStyleSetting	Vivid	Éclatant
CreativeStyleWasChanged	No	Non
CreativeStyleWasChanged	Yes	Oui
CropActive	No	Non
CropActive	Yes	Oui
CropHiSpeed	1.3x Crop	Recadrage 1.3x
CropHiSpeed	1.3x Movie Crop	Recadrage vidéo 1.3x
CropHiSpeed	1.4x Movie Crop	Recadrage vidéo 1.4x
CropHiSpeed	1.5x Movie Crop	Recadrage vidéo 1.5x
CropHiSpeed	16:9 Crop	Recadrage 16:9
CropHiSpeed	1:1 Crop	Recadrage 1:1
CropHiSpeed	2.7x Crop	Recadrage 2.7x
CropHiSpeed	2.8x Movie Crop	Recadrage vidéo 2.8x
CropHiSpeed	3:2 Crop	Recadrage 3:2
CropHiSpeed	5:4 Crop	Recadrage 5:4
CropHiSpeed	DX Crop	Recadrage DX
CropHiSpeed	DX Movie Crop	Recadrage vidéo DX
CropHiSpeed	DX Uncropped	DX non recadré
CropHiSpeed	FX Uncropped	FX non recadré
CropHiSpeed	Off	Désactivé
CropMode	n/a	Non applicable
CropUnit	inches	Pouce
CropUnits	inches	Pouce
Cropping	Off	Désactivé
Cropping	On	Activé
Curves	Off	Désactivée
Curves	On	Activeé
CustomRendered	Custom	Traitement personnalisé
CustomRendered	HDR (no original saved)	HDR (pas d'original enregistré)
CustomRendered	HDR (original saved)	HDR (original enregistré)
CustomRendered	Normal	Traitement normal
CustomRendered	Original (for HDR)	Original (pour HDR)
CustomSettingsAllDefault	No	Non
CustomSettingsAllDefault	Yes	Oui
D-LightingHQ	Off	Désactivé
D-LightingHQ	On	Activé
D-LightingHQSelected	No	Non
D-LightingHQSelected	Yes	Oui
D-LightingHS	Off	Désactivé
D-LightingHS	On	Activé
DECPosition	Contrast	Contraste
DECPosition	Exposure	Exposition
DECPosition	Filter	Fitre
DarkFocusEnvironment	No	Non
DarkFocusEnvironment	Yes	Oui
DataImprint	None	Aucune
DataImprint	Text	Texte
DateDisplayFormat	D/M/Y	Jour/Mois/Année
DateDisplayFormat	M/D/Y	Mois/Jour/Année
DateDisplayFormat	Y/M/D	Année/Mois/Jour
DateStampMode	Date & Time	Date et heure
DateStampMode	Date Counter	Compteur de date
DateStampMode	Off	Désactivé
DaylightSavings	No	Non
DaylightSavings	Off	Désactivée
DaylightSavings	On	Activée
DaylightSavings	Yes	Oui
DestinationCity	Adelaide	Adelaïde
DestinationCity	Algiers	Alger
DestinationCity	Athens	Athènes
DestinationCity	Beijing	Pékin
DestinationCity	Cairo	Le Caire
DestinationCity	Caracus	Caracas
DestinationCity	Copenhagen	Copenhague
DestinationCity	Jerusalem	Jérusalem
DestinationCity	Kabul	Kaboul
DestinationCity	Lisbon	Lisbonne
DestinationCity	London	Londre
DestinationCity	Manila	Manille
DestinationCity	Moscow	Moscou
DestinationCity	Noumea	Nouméa
DestinationCity	Seoul	Séoul
DestinationCity	Singapore	Singapour
DestinationCity	Taipei	Taïpei
DestinationCity	Tehran	Téhéran
DestinationCity	Warsaw	Varsovie
DestinationCity	Yangon	Rangoun
DestinationDST	No	Non
DestinationDST	Yes	Oui
DeviceType	Cell Phone	Téléphone portable
DeviceType	Compact Digital Camera	Appareil photo numérique compact
DeviceType	HXM Video Camera	Caméra vidéo HXM
DeviceType	High-end NX Camera	Appareil photo NX haut de gamme
DeviceType	SMX Video Camera	Caméra vidéo SMX
DialDirectionTvAv	Normal	Normale
DialDirectionTvAv	Reversed	Inversé
DigitalFilter01	Base Parameter Adjust	Réglage des paramètres de base
DigitalFilter01	Bold Monochrome	Monochrome gras
DigitalFilter01	Color Filter	Filtre couleur
DigitalFilter01	Custom Filter	Filtre personnalisé
DigitalFilter01	Extract Color	Couleur de l'extrait
DigitalFilter01	High Contrast	Contraste élevé
DigitalFilter01	Invert Color	Inversion de couleur
DigitalFilter01	Off	Désactivé
DigitalFilter01	Posterization	Postérisation
DigitalFilter01	Replace Color	Remplacement de couleur
DigitalFilter01	Retro	Rétro
DigitalFilter01	Shading	Ombrage
DigitalFilter01	Sketch Filter	Filtre d'esquisse
DigitalFilter01	Slim	Fin
DigitalFilter01	Soft Focus	Flou artistique
DigitalFilter01	Starburst	Éclats d'étoiles
DigitalFilter01	Tone Expansion	Expansion de la tonalité
DigitalFilter01	Toy Camera	Caméra jouet
DigitalFilter01	Unicolor Bold	Unicolore gras
DigitalFilter01	Water Color	Aquarelle
DigitalFilter02	Base Parameter Adjust	Réglage des paramètres de base
DigitalFilter02	Bold Monochrome	Monochrome gras
DigitalFilter02	Color Filter	Filtre couleur
DigitalFilter02	Custom Filter	Filtre personnalisé
DigitalFilter02	Extract Color	Couleur de l'extrait
DigitalFilter02	High Contrast	Contraste élevé
DigitalFilter02	Invert Color	Inversion de couleur
DigitalFilter02	Off	Désactivé
DigitalFilter02	Posterization	Postérisation
DigitalFilter02	Replace Color	Remplacement de couleur
DigitalFilter02	Retro	Rétro
DigitalFilter02	Shading	Ombrage
DigitalFilter02	Sketch Filter	Filtre d'esquisse
DigitalFilter02	Slim	Fin
DigitalFilter02	Soft Focus	Flou artistique
DigitalFilter02	Starburst	Éclats d'étoiles
DigitalFilter02	Tone Expansion	Expansion de la tonalité
DigitalFilter02	Toy Camera	Caméra jouet
DigitalFilter02	Unicolor Bold	Unicolore gras
DigitalFilter02	Water Color	Aquarelle
DigitalFilter03	Base Parameter Adjust	Réglage des paramètres de base
DigitalFilter03	Bold Monochrome	Monochrome gras
DigitalFilter03	Color Filter	Filtre couleur
DigitalFilter03	Custom Filter	Filtre personnalisé
DigitalFilter03	Extract Color	Couleur de l'extrait
DigitalFilter03	High Contrast	Contraste élevé
DigitalFilter03	Invert Color	Inversion de couleur
DigitalFilter03	Off	Désactivé
DigitalFilter03	Posterization	Postérisation
DigitalFilter03	Replace Color	Remplacement de couleur
DigitalFilter03	Retro	Rétro
DigitalFilter03	Shading	Ombrage
DigitalFilter03	Sketch Filter	Filtre d'esquisse
DigitalFilter03	Slim	Fin
DigitalFilter03	Soft Focus	Flou artistique
DigitalFilter03	Starburst	Éclats d'étoiles
DigitalFilter03	Tone Expansion	Expansion de la tonalité
DigitalFilter03	Toy Camera	Caméra jouet
DigitalFilter03	Unicolor Bold	Unicolore gras
DigitalFilter03	Water Color	Aquarelle
DigitalFilter04	Base Parameter Adjust	Réglage des paramètres de base
DigitalFilter04	Bold Monochrome	Monochrome gras
DigitalFilter04	Color Filter	Filtre couleur
DigitalFilter04	Custom Filter	Filtre personnalisé
DigitalFilter04	Extract Color	Couleur de l'extrait
DigitalFilter04	High Contrast	Contraste élevé
DigitalFilter04	Invert Color	Inversion de couleur
DigitalFilter04	Off	Désactivé
DigitalFilter04	Posterization	Postérisation
DigitalFilter04	Replace Color	Remplacement de couleur
DigitalFilter04	Retro	Rétro
DigitalFilter04	Shading	Ombrage
DigitalFilter04	Sketch Filter	Filtre d'esquisse
DigitalFilter04	Slim	Fin
DigitalFilter04	Soft Focus	Flou artistique
DigitalFilter04	Starburst	Éclats d'étoiles
DigitalFilter04	Tone Expansion	Expansion de la tonalité
DigitalFilter04	Toy Camera	Caméra jouet
DigitalFilter04	Unicolor Bold	Unicolore gras
DigitalFilter04	Water Color	Aquarelle
DigitalFilter05	Base Parameter Adjust	Réglage des paramètres de base
DigitalFilter05	Bold Monochrome	Monochrome gras
DigitalFilter05	Color Filter	Filtre couleur
DigitalFilter05	Custom Filter	Filtre personnalisé
DigitalFilter05	Extract Color	Couleur de l'extrait
DigitalFilter05	High Contrast	Contraste élevé
DigitalFilter05	Invert Color	Inversion de couleur
DigitalFilter05	Off	Désactivé
DigitalFilter05	Posterization	Postérisation
DigitalFilter05	Replace Color	Remplacement de couleur
DigitalFilter05	Retro	Rétro
DigitalFilter05	Shading	Ombrage
DigitalFilter05	Sketch Filter	Filtre d'esquisse
DigitalFilter05	Slim	Fin
DigitalFilter05	Soft Focus	Flou artistique
DigitalFilter05	Starburst	Éclats d'étoiles
DigitalFilter05	Tone Expansion	Expansion de la tonalité
DigitalFilter05	Toy Camera	Caméra jouet
DigitalFilter05	Unicolor Bold	Unicolore gras
DigitalFilter05	Water Color	Aquarelle
DigitalFilter06	Base Parameter Adjust	Réglage des paramètres de base
DigitalFilter06	Bold Monochrome	Monochrome gras
DigitalFilter06	Color Filter	Filtre couleur
DigitalFilter06	Custom Filter	Filtre personnalisé
DigitalFilter06	Extract Color	Couleur de l'extrait
DigitalFilter06	High Contrast	Contraste élevé
DigitalFilter06	Invert Color	Inversion de couleur
DigitalFilter06	Off	Désactivé
DigitalFilter06	Posterization	Postérisation
DigitalFilter06	Replace Color	Remplacement de couleur
DigitalFilter06	Retro	Rétro
DigitalFilter06	Shading	Ombrage
DigitalFilter06	Sketch Filter	Filtre d'esquisse
DigitalFilter06	Slim	Fin
DigitalFilter06	Soft Focus	Flou artistique
DigitalFilter06	Starburst	Éclats d'étoiles
DigitalFilter06	Tone Expansion	Expansion de la tonalité
DigitalFilter06	Toy Camera	Caméra jouet
DigitalFilter06	Unicolor Bold	Unicolore gras
DigitalFilter06	Water Color	Aquarelle
DigitalFilter07	Base Parameter Adjust	Réglage des paramètres de base
DigitalFilter07	Bold Monochrome	Monochrome gras
DigitalFilter07	Color Filter	Filtre couleur
DigitalFilter07	Custom Filter	Filtre personnalisé
DigitalFilter07	Extract Color	Couleur de l'extrait
DigitalFilter07	High Contrast	Contraste élevé
DigitalFilter07	Invert Color	Inversion de couleur
DigitalFilter07	Off	Désactivé
DigitalFilter07	Posterization	Postérisation
DigitalFilter07	Replace Color	Remplacement de couleur
DigitalFilter07	Retro	Rétro
DigitalFilter07	Shading	Ombrage
DigitalFilter07	Sketch Filter	Filtre d'esquisse
DigitalFilter07	Slim	Fin
DigitalFilter07	Soft Focus	Flou artistique
DigitalFilter07	Starburst	Éclats d'étoiles
DigitalFilter07	Tone Expansion	Expansion de la tonalité
DigitalFilter07	Toy Camera	Caméra jouet
DigitalFilter07	Unicolor Bold	Unicolore gras
DigitalFilter07	Water Color	Aquarelle
DigitalFilter08	Base Parameter Adjust	Réglage des paramètres de base
DigitalFilter08	Bold Monochrome	Monochrome gras
DigitalFilter08	Color Filter	Filtre couleur
DigitalFilter08	Custom Filter	Filtre personnalisé
DigitalFilter08	Extract Color	Couleur de l'extrait
DigitalFilter08	High Contrast	Contraste élevé
DigitalFilter08	Invert Color	Inversion de couleur
DigitalFilter08	Off	Désactivé
DigitalFilter08	Posterization	Postérisation
DigitalFilter08	Replace Color	Remplacement de couleur
DigitalFilter08	Retro	Rétro
DigitalFilter08	Shading	Ombrage
DigitalFilter08	Sketch Filter	Filtre d'esquisse
DigitalFilter08	Slim	Fin
DigitalFilter08	Soft Focus	Flou artistique
DigitalFilter08	Starburst	Éclats d'étoiles
DigitalFilter08	Tone Expansion	Expansion de la tonalité
DigitalFilter08	Toy Camera	Caméra jouet
DigitalFilter08	Unicolor Bold	Unicolore gras
DigitalFilter08	Water Color	Aquarelle
DigitalFilter09	Base Parameter Adjust	Réglage des paramètres de base
DigitalFilter09	Bold Monochrome	Monochrome gras
DigitalFilter09	Color Filter	Filtre couleur
DigitalFilter09	Custom Filter	Filtre personnalisé
DigitalFilter09	Extract Color	Couleur de l'extrait
DigitalFilter09	High Contrast	Contraste élevé
DigitalFilter09	Invert Color	Inversion de couleur
DigitalFilter09	Off	Désactivé
DigitalFilter09	Posterization	Postérisation
DigitalFilter09	Replace Color	Remplacement de couleur
DigitalFilter09	Retro	Rétro
DigitalFilter09	Shading	Ombrage
DigitalFilter09	Sketch Filter	Filtre d'esquisse
DigitalFilter09	Slim	Fin
DigitalFilter09	Soft Focus	Flou artistique
DigitalFilter09	Starburst	Éclats d'étoiles
DigitalFilter09	Tone Expansion	Expansion de la tonalité
DigitalFilter09	Toy Camera	Caméra jouet
DigitalFilter09	Unicolor Bold	Unicolore gras
DigitalFilter09	Water Color	Aquarelle
DigitalFilter10	Base Parameter Adjust	Réglage des paramètres de base
DigitalFilter10	Bold Monochrome	Monochrome gras
DigitalFilter10	Color Filter	Filtre couleur
DigitalFilter10	Custom Filter	Filtre personnalisé
DigitalFilter10	Extract Color	Couleur de l'extrait
DigitalFilter10	High Contrast	Contraste élevé
DigitalFilter10	Invert Color	Inversion de couleur
DigitalFilter10	Off	Désactivé
DigitalFilter10	Posterization	Postérisation
DigitalFilter10	Replace Color	Remplacement de couleur
DigitalFilter10	Retro	Rétro
DigitalFilter10	Shading	Ombrage
DigitalFilter10	Sketch Filter	Filtre d'esquisse
DigitalFilter10	Slim	Fin
DigitalFilter10	Soft Focus	Flou artistique
DigitalFilter10	Starburst	Éclats d'étoiles
DigitalFilter10	Tone Expansion	Expansion de la tonalité
DigitalFilter10	Toy Camera	Caméra jouet
DigitalFilter10	Unicolor Bold	Unicolore gras
DigitalFilter10	Water Color	Aquarelle
DigitalFilter11	Base Parameter Adjust	Réglage des paramètres de base
DigitalFilter11	Bold Monochrome	Monochrome gras
DigitalFilter11	Color Filter	Filtre couleur
DigitalFilter11	Custom Filter	Filtre personnalisé
DigitalFilter11	Extract Color	Couleur de l'extrait
DigitalFilter11	High Contrast	Contraste élevé
DigitalFilter11	Invert Color	Inversion de couleur
DigitalFilter11	Off	Désactivé
DigitalFilter11	Posterization	Postérisation
DigitalFilter11	Replace Color	Remplacement de couleur
DigitalFilter11	Retro	Rétro
DigitalFilter11	Shading	Ombrage
DigitalFilter11	Sketch Filter	Filtre d'esquisse
DigitalFilter11	Slim	Fin
DigitalFilter11	Soft Focus	Flou artistique
DigitalFilter11	Starburst	Éclats d'étoiles
DigitalFilter11	Tone Expansion	Expansion de la tonalité
DigitalFilter11	Toy Camera	Caméra jouet
DigitalFilter11	Unicolor Bold	Unicolore gras
DigitalFilter11	Water Color	Aquarelle
DigitalFilter12	Base Parameter Adjust	Réglage des paramètres de base
DigitalFilter12	Bold Monochrome	Monochrome gras
DigitalFilter12	Color Filter	Filtre couleur
DigitalFilter12	Custom Filter	Filtre personnalisé
DigitalFilter12	Extract Color	Couleur de l'extrait
DigitalFilter12	High Contrast	Contraste élevé
DigitalFilter12	Invert Color	Inversion de couleur
DigitalFilter12	Off	Désactivé
DigitalFilter12	Posterization	Postérisation
DigitalFilter12	Replace Color	Remplacement de couleur
DigitalFilter12	Retro	Rétro
DigitalFilter12	Shading	Ombrage
DigitalFilter12	Sketch Filter	Filtre d'esquisse
DigitalFilter12	Slim	Fin
DigitalFilter12	Soft Focus	Flou artistique
DigitalFilter12	Starburst	Éclats d'étoiles
DigitalFilter12	Tone Expansion	Expansion de la tonalité
DigitalFilter12	Toy Camera	Caméra jouet
DigitalFilter12	Unicolor Bold	Unicolore gras
DigitalFilter12	Water Color	Aquarelle
DigitalFilter13	Base Parameter Adjust	Réglage des paramètres de base
DigitalFilter13	Bold Monochrome	Monochrome gras
DigitalFilter13	Color Filter	Filtre couleur
DigitalFilter13	Custom Filter	Filtre personnalisé
DigitalFilter13	Extract Color	Couleur de l'extrait
DigitalFilter13	High Contrast	Contraste élevé
DigitalFilter13	Invert Color	Inversion de couleur
DigitalFilter13	Off	Désactivé
DigitalFilter13	Posterization	Postérisation
DigitalFilter13	Replace Color	Remplacement de couleur
DigitalFilter13	Retro	Rétro
DigitalFilter13	Shading	Ombrage
DigitalFilter13	Sketch Filter	Filtre d'esquisse
DigitalFilter13	Slim	Fin
DigitalFilter13	Soft Focus	Flou artistique
DigitalFilter13	Starburst	Éclats d'étoiles
DigitalFilter13	Tone Expansion	Expansion de la tonalité
DigitalFilter13	Toy Camera	Caméra jouet
DigitalFilter13	Unicolor Bold	Unicolore gras
DigitalFilter13	Water Color	Aquarelle
DigitalFilter14	Base Parameter Adjust	Réglage des paramètres de base
DigitalFilter14	Bold Monochrome	Monochrome gras
DigitalFilter14	Color Filter	Filtre couleur
DigitalFilter14	Custom Filter	Filtre personnalisé
DigitalFilter14	Extract Color	Couleur de l'extrait
DigitalFilter14	High Contrast	Contraste élevé
DigitalFilter14	Invert Color	Inversion de couleur
DigitalFilter14	Off	Désactivé
DigitalFilter14	Posterization	Postérisation
DigitalFilter14	Replace Color	Remplacement de couleur
DigitalFilter14	Retro	Rétro
DigitalFilter14	Shading	Ombrage
DigitalFilter14	Sketch Filter	Filtre d'esquisse
DigitalFilter14	Slim	Fin
DigitalFilter14	Soft Focus	Flou artistique
DigitalFilter14	Starburst	Éclats d'étoiles
DigitalFilter14	Tone Expansion	Expansion de la tonalité
DigitalFilter14	Toy Camera	Caméra jouet
DigitalFilter14	Unicolor Bold	Unicolore gras
DigitalFilter14	Water Color	Aquarelle
DigitalFilter15	Base Parameter Adjust	Réglage des paramètres de base
DigitalFilter15	Bold Monochrome	Monochrome gras
DigitalFilter15	Color Filter	Filtre couleur
DigitalFilter15	Custom Filter	Filtre personnalisé
DigitalFilter15	Extract Color	Couleur de l'extrait
DigitalFilter15	High Contrast	Contraste élevé
DigitalFilter15	Invert Color	Inversion de couleur
DigitalFilter15	Off	Désactivé
DigitalFilter15	Posterization	Postérisation
DigitalFilter15	Replace Color	Remplacement de couleur
DigitalFilter15	Retro	Rétro
DigitalFilter15	Shading	Ombrage
DigitalFilter15	Sketch Filter	Filtre d'esquisse
DigitalFilter15	Slim	Fin
DigitalFilter15	Soft Focus	Flou artistique
DigitalFilter15	Starburst	Éclats d'étoiles
DigitalFilter15	Tone Expansion	Expansion de la tonalité
DigitalFilter15	Toy Camera	Caméra jouet
DigitalFilter15	Unicolor Bold	Unicolore gras
DigitalFilter15	Water Color	Aquarelle
DigitalFilter16	Base Parameter Adjust	Réglage des paramètres de base
DigitalFilter16	Bold Monochrome	Monochrome gras
DigitalFilter16	Color Filter	Filtre couleur
DigitalFilter16	Custom Filter	Filtre personnalisé
DigitalFilter16	Extract Color	Couleur de l'extrait
DigitalFilter16	High Contrast	Contraste élevé
DigitalFilter16	Invert Color	Inversion de couleur
DigitalFilter16	Off	Désactivé
DigitalFilter16	Posterization	Postérisation
DigitalFilter16	Replace Color	Remplacement de couleur
DigitalFilter16	Retro	Rétro
DigitalFilter16	Shading	Ombrage
DigitalFilter16	Sketch Filter	Filtre d'esquisse
DigitalFilter16	Slim	Fin
DigitalFilter16	Soft Focus	Flou artistique
DigitalFilter16	Starburst	Éclats d'étoiles
DigitalFilter16	Tone Expansion	Expansion de la tonalité
DigitalFilter16	Toy Camera	Caméra jouet
DigitalFilter16	Unicolor Bold	Unicolore gras
DigitalFilter16	Water Color	Aquarelle
DigitalFilter17	Base Parameter Adjust	Réglage des paramètres de base
DigitalFilter17	Bold Monochrome	Monochrome gras
DigitalFilter17	Color Filter	Filtre couleur
DigitalFilter17	Custom Filter	Filtre personnalisé
DigitalFilter17	Extract Color	Couleur de l'extrait
DigitalFilter17	High Contrast	Contraste élevé
DigitalFilter17	Invert Color	Inversion de couleur
DigitalFilter17	Off	Désactivé
DigitalFilter17	Posterization	Postérisation
DigitalFilter17	Replace Color	Remplacement de couleur
DigitalFilter17	Retro	Rétro
DigitalFilter17	Shading	Ombrage
DigitalFilter17	Sketch Filter	Filtre d'esquisse
DigitalFilter17	Slim	Fin
DigitalFilter17	Soft Focus	Flou artistique
DigitalFilter17	Starburst	Éclats d'étoiles
DigitalFilter17	Tone Expansion	Expansion de la tonalité
DigitalFilter17	Toy Camera	Caméra jouet
DigitalFilter17	Unicolor Bold	Unicolore gras
DigitalFilter17	Water Color	Aquarelle
DigitalFilter18	Base Parameter Adjust	Réglage des paramètres de base
DigitalFilter18	Bold Monochrome	Monochrome gras
DigitalFilter18	Color Filter	Filtre couleur
DigitalFilter18	Custom Filter	Filtre personnalisé
DigitalFilter18	Extract Color	Couleur de l'extrait
DigitalFilter18	High Contrast	Contraste élevé
DigitalFilter18	Invert Color	Inversion de couleur
DigitalFilter18	Off	Désactivé
DigitalFilter18	Posterization	Postérisation
DigitalFilter18	Replace Color	Remplacement de couleur
DigitalFilter18	Retro	Rétro
DigitalFilter18	Shading	Ombrage
DigitalFilter18	Sketch Filter	Filtre d'esquisse
DigitalFilter18	Slim	Fin
DigitalFilter18	Soft Focus	Flou artistique
DigitalFilter18	Starburst	Éclats d'étoiles
DigitalFilter18	Tone Expansion	Expansion de la tonalité
DigitalFilter18	Toy Camera	Caméra jouet
DigitalFilter18	Unicolor Bold	Unicolore gras
DigitalFilter18	Water Color	Aquarelle
DigitalFilter19	Base Parameter Adjust	Réglage des paramètres de base
DigitalFilter19	Bold Monochrome	Monochrome gras
DigitalFilter19	Color Filter	Filtre couleur
DigitalFilter19	Custom Filter	Filtre personnalisé
DigitalFilter19	Extract Color	Couleur de l'extrait
DigitalFilter19	High Contrast	Contraste élevé
DigitalFilter19	Invert Color	Inversion de couleur
DigitalFilter19	Off	Désactivé
DigitalFilter19	Posterization	Postérisation
DigitalFilter19	Replace Color	Remplacement de couleur
DigitalFilter19	Retro	Rétro
DigitalFilter19	Shading	Ombrage
DigitalFilter19	Sketch Filter	Filtre d'esquisse
DigitalFilter19	Slim	Fin
DigitalFilter19	Soft Focus	Flou artistique
DigitalFilter19	Starburst	Éclats d'étoiles
DigitalFilter19	Tone Expansion	Expansion de la tonalité
DigitalFilter19	Toy Camera	Caméra jouet
DigitalFilter19	Unicolor Bold	Unicolore gras
DigitalFilter19	Water Color	Aquarelle
DigitalFilter20	Base Parameter Adjust	Réglage des paramètres de base
DigitalFilter20	Bold Monochrome	Monochrome gras
DigitalFilter20	Color Filter	Filtre couleur
DigitalFilter20	Custom Filter	Filtre personnalisé
DigitalFilter20	Extract Color	Couleur de l'extrait
DigitalFilter20	High Contrast	Contraste élevé
DigitalFilter20	Invert Color	Inversion de couleur
DigitalFilter20	Off	Désactivé
DigitalFilter20	Posterization	Postérisation
DigitalFilter20	Replace Color	Remplacement de couleur
DigitalFilter20	Retro	Rétro
DigitalFilter20	Shading	Ombrage
DigitalFilter20	Sketch Filter	Filtre d'esquisse
DigitalFilter20	Slim	Fin
DigitalFilter20	Soft Focus	Flou artistique
DigitalFilter20	Starburst	Éclats d'étoiles
DigitalFilter20	Tone Expansion	Expansion de la tonalité
DigitalFilter20	Toy Camera	Caméra jouet
DigitalFilter20	Unicolor Bold	Unicolore gras
DigitalFilter20	Water Color	Aquarelle
DigitalZoom	None	Aucune
DigitalZoom	Off	Désactivé
DigitalZoomOn	Off	Désactivé
DigitalZoomOn	On	Activé
DisplaySize	Normal	Normale
DisplayUnits	inches	Pouce
DisplayXResolutionUnit	um	µm (micromètre)
DisplayYResolutionUnit	um	µm (micromètre)
DisplayedUnitsX	inches	Pouce
DisplayedUnitsY	inches	Pouce
DistortionCompensation	n/a	Non applicable
DistortionControl	Off	Désactivé
DistortionControl	On	Activé
DistortionCorrParamsNumber	16 (Full-frame)	16 (plein cadre)
DistortionCorrParamsPresent	No	Non
DistortionCorrParamsPresent	Yes	Oui
DistortionCorrection	Applied	Appliquée
DistortionCorrection	Auto fixed by lens	Correction automatique réalisée par l'objectif
DistortionCorrection	No correction params available	Aucun paramètre de correction disponible
DistortionCorrection	None	Aucune
DistortionCorrection	Off	Désactivée
DistortionCorrection	On	Activée
DistortionCorrection2	Off	Désactivée
DistortionCorrection2	On	Activée
DistortionCorrectionSetting	Off	Désactivé
DistortionCorrectionSetting	On	Activé
DistortionCorrectionSetting	n/a	Non applicable
DistortionEffect	Shot Settings	Paramétrage prise de vue
DriveMode	Burst	Rafale
DriveMode	Continuous	Continu
DriveMode	Continuous - HDR	Continu - HDR
DriveMode	Continuous High	Continu (ultrarapide)
DriveMode	Continuous Shooting	Prise de vues en continu
DriveMode	HDR Manual	HDR Manuel
DriveMode	HDR Strong 1	HDR fort 1
DriveMode	HDR Strong 2	HDR fort 2
DriveMode	HDR Strong 3	HDR fort 3
DriveMode	Multiple Exposure	Exposition multiple
DriveMode	No Timer	Pas de retardateur
DriveMode	Off	Désactivé
DriveMode	Remote Commander	Télécommande
DriveMode	Remote Continuous Shooting	Prise de vue continue télécommandée
DriveMode	Remote Control	Télécommande
DriveMode	Remote Control (3 s delay)	Télécommande (retard 3 s)
DriveMode	Self-Timer 2 sec	Retardateur (2 sec)
DriveMode	Self-timer	Retardateur
DriveMode	Self-timer (12 s)	Retardateur (12 s)
DriveMode	Self-timer (2 s)	Retardateur (2 s)
DriveMode	Self-timer 10 sec	Retardateur 10 sec
DriveMode	Self-timer 2 sec, Mirror Lock-up	Retardateur 2 sec, Blocage du miroir
DriveMode	Self-timer Operation	Opération avec retardateur
DriveMode	Shutter Button	Déclencheur
DriveMode	Single	Simple
DriveMode	Single Exposure	Exposition unique
DriveMode	Single Frame	Image unique
DriveMode	Single Shot	Prise de vue unique
DriveMode	Single-Frame Bracketing	Bracketing sur image unique
DriveMode	Single-frame	Image unqiue
DriveMode	Single-frame Bracketing	Bracketing sur image unique
DriveMode	Single-frame Exposure Bracketing	Bracketing d'exposition sur image unique
DriveMode	Single-frame Shooting	Prise de vue unique
DriveMode	Speed Priority Continuous	Priorité à la vitesse continue
DriveMode	UHS continuous	UHS continu
DriveMode	Video	Vidéo
DriveMode	White Balance Bracketing	Bracketing de la balance des blancs
DriveMode	White Balance Bracketing High	Bracketing de la balance des blancs Haut
DriveMode	White Balance Bracketing Low	Bracketing de la balance des blancs Bas
DriveMode	n/a	Non applicable
DriveMode2	Single Frame	Vue par vue
DriveMode2	Single-frame	Vue par vue
DriveModeSetting	Single Frame	Vue par vue
DriveSpeed	n/a	Non applicable
DynamicRange	Wide	Large
DynamicRangeExpansion	Off	Désactivé
DynamicRangeExpansion	On	Activé
DynamicRangeOptimizer	Advanced Auto	Avancé Auto
DynamicRangeOptimizer	Advanced Lv1	Avancé Niv1
DynamicRangeOptimizer	Advanced Lv2	Avancé Niv2
DynamicRangeOptimizer	Advanced Lv3	Avancé Niv3
DynamicRangeOptimizer	Advanced Lv4	Avancé Niv4
DynamicRangeOptimizer	Advanced Lv5	Avancé Niv5
DynamicRangeOptimizer	Auto	Auto.
DynamicRangeOptimizer	Off	Désactivé
DynamicRangeOptimizer	n/a	Non applicable
DynamicRangeSetting	Film Simulation	Simulation de film
DynamicRangeSetting	Manual	Manuel
DynamicRangeSetting	Wide1 (230%)	Large1 (230%)
DynamicRangeSetting	Wide2 (400%)	Large2 (400%)
E-DialInProgram	P Shift	Décalage P
E-DialInProgram	Tv or Av	Tv ou Av
ETTLII	Average	Moyenne
ETTLII	Evaluative	Évaluative
EVSteps	1/2 EV Steps	Pas de 1/2 IL
EVSteps	1/3 EV Steps	Pas de 1/3 IL
EasyExposureCompensation	Off	Désactivé
EasyExposureCompensation	On	Activé
EasyMode	Beach	Plage
EasyMode	Best Image Selection	Meilleure sélection d'image
EasyMode	Black & White	Noir et blanc
EasyMode	Blur Reduction	Réduction de l'effet de flou
EasyMode	Color Accent	Accentuation des couleurs
EasyMode	Color Swap	Permutation des couleurs
EasyMode	Creative Auto	Auto créatif
EasyMode	Creative Light Effect	Effet de lumière créatif
EasyMode	Digital Macro	Macro numérique
EasyMode	Discreet	Discret
EasyMode	Easy	Simple
EasyMode	Face Self-timer	Retardateur de visage
EasyMode	Fast shutter	Obturateur rapide
EasyMode	Fireworks	Feu d'artifice
EasyMode	Fisheye Effect	Effet Fisheye
EasyMode	Flash Off	Flash désactivé
EasyMode	Foliage	Feuillage
EasyMode	Food	Alimentation
EasyMode	Full auto	Totalement automatique
EasyMode	Gray Scale	Niveaux de gris
EasyMode	HDR Art Bold	HDR artistique Gras
EasyMode	HDR Art Standard	HDR artistique standard
EasyMode	HDR Art Vivid	HDR artistique éclatante
EasyMode	Handheld Night Scene	Scène nocturne à main levée
EasyMode	High Dynamic Range	Plage dynamique élevée
EasyMode	High-speed Burst	Raffale haute vitesse
EasyMode	High-speed Burst HQ	Raffale HQ haute vitesse
EasyMode	Indoor	Intérieur
EasyMode	Kids & Pets	Enfants & animaux
EasyMode	Landscape	Paysage
EasyMode	Live View Control	Contrôle du Live View
EasyMode	Long Shutter	Obturateur long
EasyMode	Low Light	Faible luminosité
EasyMode	Low Light 2	Faible luminosité 2
EasyMode	Manual	Manuel
EasyMode	Miniature Effect	Effet miniature
EasyMode	Movie Digest	Résumé du film
EasyMode	Movie Snap	Instantané de film
EasyMode	Neutral	Neutre
EasyMode	Night	Nuit
EasyMode	Night 2	Nuit 2
EasyMode	Night Scene	Scène nocturne
EasyMode	Night Snapshot	Prise de vue nocturne
EasyMode	Night+	Nuit+
EasyMode	Nostalgic	Nostalgique
EasyMode	Pan focus	Mise au point panoramique
EasyMode	Poster Effect	Effet poster
EasyMode	Quick Shot	Prise de vue rapide
EasyMode	Scene Intelligent Auto	Scène Intelligente Auto
EasyMode	Sepia	Sépia
EasyMode	Slow shutter	Obturateur à vitesse lente
EasyMode	Smile	Sourire
EasyMode	Smooth Skin	Peau lisse
EasyMode	Snow	Neige
EasyMode	Soft Focus	Flou artistique
EasyMode	Sports	Sport
EasyMode	Spotlight	Projecteur
EasyMode	Sunset	Coucher de soleil
EasyMode	Super Macro	Super macro
EasyMode	Super Night	Super Nuit
EasyMode	Super Vivid	Super éclatant
EasyMode	Toy Camera Effect	Effet caméra jouet
EasyMode	Underwater	Subaquatique
EasyMode	Vivid	Éclatant
EasyMode	Wink Self-timer	Minuteur clignotant
EasyMode	Zoom Blur	Flou de zoom
EdgeNoiseReduction	Off	Désactivé
EdgeNoiseReduction	On	Activé
EditorialUpdate	Additional language	Langues supplémentaires
ElectronicFrontCurtainShutter	Off	Désactivé
ElectronicFrontCurtainShutter	On	Activé
Emphasis	None	Aucune
EncodingProcess	Baseline DCT, Huffman coding	Baseline DCT, codage Huffman
EncodingProcess	Extended sequential DCT, Huffman coding	Extended sequential DCT, codage Huffman
EncodingProcess	Extended sequential DCT, arithmetic coding	Extended sequential DCT, codage arithmétique
EncodingProcess	Lossless, Differential Huffman coding	Lossless, codage Huffman différentiel
EncodingProcess	Lossless, Huffman coding	Lossless, codage Huffman
EncodingProcess	Lossless, arithmetic coding	Lossless, codage arithmétique
EncodingProcess	Lossless, differential arithmetic coding	Lossless, codage arithmétique différentiel
EncodingProcess	Progressive DCT, Huffman coding	Progressive DCT, codage Huffman
EncodingProcess	Progressive DCT, arithmetic coding	Progressive DCT, codage arithmétique
EncodingProcess	Progressive DCT, differential Huffman coding	Progressive DCT, codage Huffman différentiel
EncodingProcess	Progressive DCT, differential arithmetic coding	Progressive DCT, codage arithmétique différentiel
EncodingProcess	Sequential DCT, differential Huffman coding	Sequential DCT, codage Huffman différentiel
EncodingProcess	Sequential DCT, differential arithmetic coding	Sequential DCT, codage arithmétique différentiel
EnhanceDarkTones	Off	Désactivé
EnhanceDarkTones	On	Activé
Enhancement	Blue	Bleu
Enhancement	Flesh Tones	Tons chair
Enhancement	Green	Vert
Enhancement	Off	Désactivé
Enhancement	Red	Rouge
Enhancement	Scenery	Paysage
Enhancement	Underwater	Subaquatique
EnvelopePriority	0 (reserved)	0 (réservé pour utilisation future)
EnvelopePriority	1 (most urgent)	1 (très urgent)
EnvelopePriority	5 (normal urgency)	5 (normalement urgent)
EnvelopePriority	8 (least urgent)	8 (moins urgent)
EnvelopePriority	9 (user-defined priority)	9 (priorité définie par l'utilisateur)
ExcursionTolerance	Allowed	Possible
ExcursionTolerance	Not Allowed	Non permis (défaut)
ExifByteOrder	Big-endian (Motorola, MM)	Big-endian (Motorola, MM
ExposureDelayMode	Off	Désactivé
ExposureDelayMode	On	Activé
ExposureLevelIncrements	1-stop set, 1/3-stop comp.	Réglage 1 valeur, correction 1/3 val.
ExposureLevelIncrements	1/2 Stop	Palier 1/2
ExposureLevelIncrements	1/2-stop set, 1/2-stop comp.	Réglage 1/2 valeur, correction 1/2 val.
ExposureLevelIncrements	1/3 Stop	Palier 1/3
ExposureLevelIncrements	1/3-stop set, 1/3-stop comp.	Réglage 1/3 valeur, correction 1/3 val.
ExposureMode	Aperture Priority	Priorité à l'ouverture
ExposureMode	Aperture-priority AE	Priorité ouverture
ExposureMode	Auto	Exposition automatique
ExposureMode	Auto bracket	Bracketting auto
ExposureMode	Bulb	Pose B
ExposureMode	Landscape	Paysage
ExposureMode	Manual	Exposition manuelle
ExposureMode	Night Scene / Twilight	Nocturne
ExposureMode	Night View/Portrait	Vue/Portrait nocturne
ExposureMode	Shutter Priority	Priorité à l'obturateur
ExposureMode	Shutter speed priority AE	Priorité vitesse
ExposureMode	Sunset	Coucher de soleil
ExposureMode	n/a	Non applicable
ExposureModeInManual	Center-weighted average	Moyenne pondérée centrale
ExposureModeInManual	Evaluative metering	Mesure évaluative
ExposureModeInManual	Partial metering	Mesure partielle
ExposureModeInManual	Specified metering mode	Mode de mesure spécifié
ExposureModeInManual	Spot metering	Mesure spot
ExposureProgram	Action (High speed)	Programme action (orienté grandes vitesses d'obturation)
ExposureProgram	Aperture Priority	Priorité à l'ouverture
ExposureProgram	Aperture-priority AE	Priorité à l'ouverture AE
ExposureProgram	Creative (Slow speed)	Programme créatif (orienté profondeur de champ)
ExposureProgram	High Contrast Monochrome	Monochrome à fort contraste
ExposureProgram	Landscape	Paysage
ExposureProgram	Manual	Manuel
ExposureProgram	Night view	Vue nocturne
ExposureProgram	Night view/portrait	Vue/Portrait nocturne
ExposureProgram	Not Defined	Non défini
ExposureProgram	Pop Color	Couleur pop
ExposureProgram	Portrait	Mode portrait
ExposureProgram	Posterization	Postérisation
ExposureProgram	Program AE	Programme normal
ExposureProgram	Retro Photo	Photo rétro
ExposureProgram	Shutter Priority	Priorité à l'obturateur
ExposureProgram	Shutter speed priority AE	Priorité vitesse
ExposureProgram	Shutter/aperture priority AE	Priorité à l'obturateur/l'ouverture AE
ExposureProgram	Sunset	Coucher de soleil
ExposureProgram	Toy Camera	Caméra jouet
ExposureWarning	Bad exposure	Mauvaise exposition
ExposureWarning	Good	Bonne exposition
ExtendedWBDetect	Off	Désactivé
ExtendedWBDetect	On	Activé
Extender	None	Aucune
Extender	Olympus EX-25 Extension Tube	Tube d'extension Olympus EX-25
Extender	Olympus Zuiko Digital EC-14 1.4x Teleconverter	Téléconvertisseur Olympus Zuiko Digital EC-14 1.4x
Extender	Olympus Zuiko Digital EC-20 2.0x Teleconverter	Téléconvertisseur Olympus Zuiko Digital EC-20 2.0x
ExtenderStatus	Attached	Attaché
ExtenderStatus	Not attached	Non attaché
ExtenderStatus	Removed	Retiré
ExternalFlash	Off	Désactivé
ExternalFlash	On	Activé
ExternalFlashBounce	Bounce	Avec réflecteur
ExternalFlashBounce	Bounce or Off	Avec réflecteur ou Désactivé
ExternalFlashBounce	No	Non
ExternalFlashBounce	Yes	Oui
ExternalFlashBounce	n/a	Non applicable
ExternalFlashExposureComp	-0.5	-0.5 IL
ExternalFlashExposureComp	-1.0	-1.0 IL
ExternalFlashExposureComp	-1.5	-1.5 IL
ExternalFlashExposureComp	-2.0	-2.0 IL
ExternalFlashExposureComp	-2.5	-2.5 IL
ExternalFlashExposureComp	-3.0	-3.0 IL
ExternalFlashExposureComp	0.0	0.0 IL
ExternalFlashExposureComp	0.5	0.5 IL
ExternalFlashExposureComp	1.0	1.0 IL
ExternalFlashExposureComp	n/a	Non applicable
ExternalFlashExposureComp	n/a (Manual Mode)	Non applicable (Mode manuel)
ExternalFlashFirmware	1.01 (SB-800 or Metz 58 AF-1)	1.01 (SB-800 ou Metz 58 AF-1)
ExternalFlashFirmware	3.01 (SU-800 Remote Commander)	3.01 (SU-800 Commande à distance)
ExternalFlashFirmware	n/a	Non applicable
ExternalFlashFlags	(none)	(aucun)
ExternalFlashFlags	Bounce Flash	Flash à rebond
ExternalFlashFlags	Dome Diffuser	Diffuseur à dôme
ExternalFlashFlags	Fired	Déclenché
ExternalFlashFlags	Wide Flash Adapter	Adaptateur pour flash large
ExternalFlashMode	Not Connected	Non connecté
ExternalFlashMode	Off	Désactivé
ExternalFlashMode	On, Auto	Activé, auto
ExternalFlashMode	On, Contrast-control Sync	Activé, Synchro du contrôle du contraste
ExternalFlashMode	On, Flash Problem	Activé, problème de flash
ExternalFlashMode	On, High-speed Sync	Activé, synchro haute vitesse
ExternalFlashMode	On, Manual	Activé, manuel
ExternalFlashMode	On, P-TTL Auto	Activé, auto P-TTL
ExternalFlashMode	On, Wireless	Activé, sans cordon
ExternalFlashMode	On, Wireless, High-speed Sync	Activé, sans cordon, synchro haute vitesse
ExternalFlashMode	n/a - Off-Auto-Aperture	Non applicable - Ouverture automatique désactivé
ExternalFlashReadyState	n/a	Non applicable
Face1Category	Family	Famille
Face1Category	Friend	Ami
Face1Category	Partner	Conjoint
Face2Category	Family	Famille
Face2Category	Friend	Ami
Face2Category	Partner	Conjoint
Face3Category	Family	Famille
Face3Category	Friend	Ami
Face3Category	Partner	Conjoint
Face4Category	Family	Famille
Face4Category	Friend	Ami
Face4Category	Partner	Conjoint
Face5Category	Family	Famille
Face5Category	Friend	Ami
Face5Category	Partner	Conjoint
Face6Category	Family	Famille
Face6Category	Friend	Ami
Face6Category	Partner	Conjoint
Face7Category	Family	Famille
Face7Category	Friend	Ami
Face7Category	Partner	Conjoint
Face8Category	Family	Famille
Face8Category	Friend	Ami
Face8Category	Partner	Conjoint
FaceDetect	Off	Désactivé
FaceDetect	On	Activé
FaceDetection	Off	Désactivé
FaceDetection	On	Activé
FaceElementTypes	Aircraft Body	Carlingue d'avion
FaceElementTypes	Aircraft Cockpit	Cockpit d'avion
FaceElementTypes	Animal Body	Corps d'animal
FaceElementTypes	Animal Face	Visage d'animal
FaceElementTypes	Animal Head	Tête d'animal
FaceElementTypes	Animal Left Eye	Œil gauche d'animal
FaceElementTypes	Animal Right Eye	Œil droit d'animal
FaceElementTypes	Bike	Vélo
FaceElementTypes	Bird Body	Corps d'oiseau
FaceElementTypes	Bird Head	Tête d'oiseau
FaceElementTypes	Bird Left Eye	Œil gauche d'oiseau
FaceElementTypes	Bird Right Eye	Œil droit d'oiseau
FaceElementTypes	Body	Corps
FaceElementTypes	Body of Car	Carrosserie de voiture
FaceElementTypes	Face	Visage
FaceElementTypes	Front of Car	Calandre de voiture
FaceElementTypes	Head	Tête
FaceElementTypes	Left Eye	Œil gauche
FaceElementTypes	Right Eye	Œil droit
FaceElementTypes	Train Cockpit	Poste de conduite de train
FaceElementTypes	Train Front	Avant de train
FaceOrientation	Horizontal (normal)	0° (haut/gauche)
FaceOrientation	Rotate 180	Tourné à 180°
FaceOrientation	Rotate 270 CW	Tourné à 270° dans le sens antihoraire
FaceOrientation	Rotate 90 CW	Tourné à 90° dans le sens antihoraire
FaceRecognition	Off	Désactivée
FaceRecognition	On	Activée
FacesDetected	No	Non
FacesDetected	Yes	Oui
FacesDetected	n/a	Non applicable
FastSeek	No	Non
FastSeek	Yes	Oui
FaxProfile	Unknown	Inconnu
FieldOfView	Wide	Large
FileAttributes	Block	Bloc
FileAttributes	Character	Caractère
FileAttributes	Compressed	Compressé
FileAttributes	Device	Appareil
FileAttributes	Directory	Répertoire
FileAttributes	Encrypted	Crypté
FileAttributes	Encrypted?	Crypté?
FileAttributes	Hidden	Masqué
FileAttributes	Mux Block	Blocs multipexés
FileAttributes	Mux Character	Caractères multipexés
FileAttributes	Not Content Indexed	Aucun contenu indexé
FileAttributes	Not indexed	Non indexé
FileAttributes	Offline	Hors ligne
FileAttributes	Read Only	Lecture seule
FileAttributes	Read-only	Lecture seule
FileAttributes	Regular	Régulier
FileAttributes	Reparse Point	Point de reparsage
FileAttributes	Reparse point	Point de reparsage
FileAttributes	Set Group ID	ID du jeu d'ensemble
FileAttributes	Solaris Door	Porte Solaris
FileAttributes	Solaris Shadow Inode	Inode fantôme Solaris
FileAttributes	Sparse File	Fichier Sparse
FileAttributes	Symbolic Link	Lien symbolique
FileAttributes	System	Système
FileAttributes	Temporary	Temporaire
FileAttributes	Unknown	Inconnu
FileAttributes	Volume Label	Label du volume
FileAttributes	VxFS Compressed	Compressé VxFS
FileAttributes	XENIX Named	Nommage XENIX
FileFormat	Compressed Binary File [.ZIP] (PKWare Inc)	Fichier binaire compressé [.ZIP] (PKWare Inc)
FileFormat	Digital Audio File [.WAV] (Microsoft & Creative Labs)	Fichier audio numérique [.WAV] (Microsoft & Creative Labs)
FileFormat	Hypertext Markup Language [.HTML] (The Internet Society)	HyperText Markup Language [.HTML] (The Internet Society)
FileFormat	Illustrator (Adobe Graphics data)	Illustrator (Adobe Graphics data
FileFormat	JPEG (lossy)	JPEG (avec perte)
FileFormat	JPEG (lossy/non-quantization toggled)	JPEG (basculement entre perte et non-quantification)
FileFormat	JPEG (non-quantization)	JPEG (non-quantification)
FileFormat	Tagged Image File Format (Adobe/Aldus Image data)	Tagged Image File Format (Adobe/Aldus Image data
FileFormat	Tape Archive [.TAR]	Ape Archive [.TAR]
FileNumberMemory	Off	Désactivé
FileNumberMemory	On	Activé
FileNumberSequence	Off	Désactivé
FileNumberSequence	On	Activé
FileOS	OS/2 16-bit	OS/2 16-bits
FileOS	OS/2 16-bit PM-16	OS/2 16-bits PM-16
FileOS	OS/2 32-bit	OS/2 32-bits
FileOS	OS/2 32-bit PM-32	OS/2 32-bits PM-32
FileOS	Windows 16-bit	Windows 16-bits
FileOS	Windows 32-bit	Windows 32-bits
FileOS	Windows NT 32-bit	Windows NT 32-bits
FileSource	Computer Graphics	Infographie
FileSource	Digital Camera	Appareil photo numérique
FileSource	Film Scanner	Scanner de film
FileSource	Reflection Print Scanner	Scanner par réflexion
FileSource	Sigma Digital Camera	Appareil photo numérique Sigma
FileSource	Video Capture	Capture vidéo
FillFlashAutoReduction	Disable	Désactivé
FillFlashAutoReduction	Enable	Activé
FillMethod	Bit Replication	Réplication de bits
FillMethod	Zero Fill	Remplissage à zéro
FillOrder	Normal	Normale
FillOrder	Reversed	Inversé
FilmMode	Dynamic (B&W)	Vives (N & Bà)
FilmMode	Dynamic (color)	Couleurs vives
FilmMode	Nature (color)	Couleurs naturelles
FilmMode	Smooth (B&W)	Pastel (N & B)
FilmMode	Smooth (color)	Couleurs pastel
FilmMode	Standard (B&W)	Normales (N & B)
FilmMode	Standard (color)	Couleurs normales
FilmMode	n/a	Non applicable
FilterEffect	Cross Process	Traitement croisé
FilterEffect	Dynamic Monochrome	Monochrome dynamique
FilterEffect	Expressive	Expressif
FilterEffect	Fantasy	Fantaisie
FilterEffect	Green	Vert
FilterEffect	High Dynamic	Haute dynamique
FilterEffect	High Key	Tons clairs
FilterEffect	Impressive Art	Art impressionnant
FilterEffect	Low Key	Tons sombres
FilterEffect	Miniature Effect	Effet miniature
FilterEffect	None	Aucun
FilterEffect	Off	Désactivé
FilterEffect	Old Days	Vieux jours
FilterEffect	One Point Color	Couleur d'un point
FilterEffect	Red	Rouge
FilterEffect	Retro	Rétro
FilterEffect	Rough Monochrome	Monochrome brut
FilterEffect	Sepia	Sépia
FilterEffect	Silky Monochrome	Monochrome soyeux
FilterEffect	Soft Focus	Flou artistique
FilterEffect	Star Filter	Filtre d'étoiles
FilterEffect	Sunshine	Soleil
FilterEffect	Toy Effect	Effet jouet
FilterEffect	Toy Pop	Jouet Pop
FilterEffect	Yellow	Jaune
FilterEffect	n/a	Non applicable
FilterEffectAuto	Green	Vert
FilterEffectAuto	None	Aucun
FilterEffectAuto	Red	Rouge
FilterEffectAuto	Yellow	Jaune
FilterEffectAuto	n/a	Non applicable
FilterEffectFaithful	n/a	Non applicable
FilterEffectLandscape	n/a	Non applicable
FilterEffectMonochrome	Green	Vert
FilterEffectMonochrome	None	Aucun
FilterEffectMonochrome	Red	Rouge
FilterEffectMonochrome	Yellow	Jaune
FilterEffectMonochrome	n/a	Non applicable
FilterEffectNeutral	n/a	Non applicable
FilterEffectPortrait	n/a	Non applicable
FilterEffectStandard	n/a	Non applicable
FilterEffectUserDef1	Green	Vert
FilterEffectUserDef1	None	Aucun
FilterEffectUserDef1	Red	Rouge
FilterEffectUserDef1	Yellow	Jaune
FilterEffectUserDef1	n/a	Non applicable
FilterEffectUserDef2	Green	Vert
FilterEffectUserDef2	None	Aucun
FilterEffectUserDef2	Red	Rouge
FilterEffectUserDef2	Yellow	Jaune
FilterEffectUserDef2	n/a	Non applicable
FilterEffectUserDef3	Green	Vert
FilterEffectUserDef3	None	Aucun
FilterEffectUserDef3	Red	Rouge
FilterEffectUserDef3	Yellow	Jaune
FilterEffectUserDef3	n/a	Non applicable
FinderDisplayDuringExposure	Off	Désactivé
FinderDisplayDuringExposure	On	Activé
FisheyeFilter	Off	Désactivé
Flash	Auto, Did not fire	Flash non déclenché, mode auto
Flash	Auto, Did not fire, Red-eye reduction	Auto, flash non déclenché, mode réduction yeux rouges
Flash	Auto, Fired	Flash déclenché, mode auto
Flash	Auto, Fired, Red-eye reduction	Flash déclenché, mode auto, mode réduction yeux rouges, lumière renvoyée détectée
Flash	Auto, Fired, Red-eye reduction, Return detected	Flash déclenché, mode auto, lumière renvoyée détectée, mode réduction yeux rouges
Flash	Auto, Fired, Red-eye reduction, Return not detected	Flash déclenché, mode auto, lumière renvoyée non détectée, mode réduction yeux rouges
Flash	Auto, Fired, Return detected	Flash déclenché, mode auto, lumière renvoyée détectée
Flash	Auto, Fired, Return not detected	Flash déclenché, mode auto, lumière renvoyée non détectée
Flash	Did not fire	Flash non déclenché
Flash	Fired	Flash déclenché
Flash	Fired, Red-eye reduction	Flash déclenché, mode réduction yeux rouges
Flash	Fired, Red-eye reduction, Return detected	Flash déclenché, mode réduction yeux rouges, lumière renvoyée détectée
Flash	Fired, Red-eye reduction, Return not detected	Flash déclenché, mode réduction yeux rouges, lumière renvoyée non détectée
Flash	Fired, Return detected	Lumière renvoyée sur le capteur détectée
Flash	Fired, Return not detected	Lumière renvoyée sur le capteur non détectée
Flash	No Flash	Flash non déclenché
Flash	No flash function	Pas de fonction flash
Flash	Off	Désactivé
Flash	Off, Did not fire	Flash non déclenché, mode flash forcé
Flash	Off, Did not fire, Return not detected	Éteint, flash non déclenché, lumière renvoyée non détectée
Flash	Off, No flash function	Éteint, pas de fonction flash
Flash	Off, Red-eye reduction	Éteint, mode réduction yeux rouges
Flash	On	Activé
Flash	On, Did not fire	Hors service, flash non déclenché
Flash	On, Fired	Flash déclenché, mode flash forcé
Flash	On, Red-eye reduction	Flash déclenché, mode forcé, mode réduction yeux rouges
Flash	On, Red-eye reduction, Return detected	Flash déclenché, mode forcé, mode réduction yeux rouges, lumière renvoyée détectée
Flash	On, Red-eye reduction, Return not detected	Flash déclenché, mode forcé, mode réduction yeux rouges, lumière renvoyée non détectée
Flash	On, Return detected	Flash déclenché, mode flash forcé, lumière renvoyée détectée
Flash	On, Return not detected	Flash déclenché, mode flash forcé, lumière renvoyée non détectée
FlashAction	Did not fire	N'a pas déclenché
FlashAction	External Flash Fired	Flash externe déclenché
FlashAction	External Flash, Did not fire	Flash externe, n'a pas déclenché
FlashAction	External Flash, Fired	Flash externe, déclenché
FlashAction	Fired	Déclenché
FlashAction	Flash Fired	Flash déclenché
FlashAction	Wireless Controlled Flash Fired	Flash commandé sans cordon déclenché
FlashActionExternal	Did not fire	N'a pas déclenché
FlashActionExternal	Fired	A déclenché
FlashActionExternal	Fired, HSS	Déclenché HSS
FlashAttributes	ActionScript3	Action Script 3
FlashAttributes	HasMetadata	A des métadonnées
FlashAttributes	UseNetwork	Utilise le réseau
FlashBits	(none)	(aucun)
FlashBits	2nd-curtain sync used	Synchronisation du 2ème rideau utilisée
FlashBits	Built-in	Intégré
FlashBits	External	Externe
FlashBits	FP sync enabled	Synchro FP activée
FlashBits	FP sync used	Synchro FP utilisée
FlashBits	Manual	Manuel
FlashBurstPriority	Exposure	Exposition
FlashBurstPriority	Frame Rate	Fréquence d'images
FlashButtonFunction	ISO speed	Vitesse ISO
FlashButtonFunction	Raise built-in flash	Relever le flash intégré
FlashColorFilter	Amber	Ambré
FlashColorFilter	Blue	Bleu
FlashColorFilter	FL-GL1 or SZ-2FL Fluorescent	FL-GL1 ou SZ-2FL Fluorescent
FlashColorFilter	None	Aucun
FlashColorFilter	Red	Rouge
FlashColorFilter	TN-A1 or SZ-2TN Incandescent	TN-A1 ou SZ-2TN Incandescent
FlashColorFilter	Yellow	Jaune
FlashCommanderMode	Off	Désactivé
FlashCommanderMode	On	Activé
FlashControl	ADI Flash	Flash ADI
FlashControl	Manual	Manuel
FlashControl	Pre-flash TTL	Pré-flash TTL
FlashControlBuilt-in	Commander Mode	Mode Maître
FlashControlBuilt-in	Manual	Manuel
FlashControlBuilt-in	Repeating Flash	Flash répétitif
FlashControlMode	Auto Aperture	Ouverture automatique
FlashControlMode	Auto External Flash	Flash externe automatique
FlashControlMode	Automatic	Automatique
FlashControlMode	GN (distance priority)	GN (priorité à la distance)
FlashControlMode	Manual	Manuel
FlashControlMode	Off	Désactivé
FlashControlMode	Repeating Flash	Flash répétitif
FlashCurtain	1st	1er
FlashCurtain	2nd	2ième
FlashCurtain	n/a	Non applicable
FlashDefault	Fill Flash	Flash d'appoint
FlashDevice	None	Aucune
FlashExposureLock	Off	Désactivé
FlashExposureLock	On	Activé
FlashFired	External	Externe
FlashFired	False	Faux
FlashFired	Internal	Interne
FlashFired	No	Non
FlashFired	True	Vrai
FlashFired	Yes	Oui
FlashFiring	Does not fire	Désactivé
FlashFiring	Fires	Activé
FlashFunction	Bounce flash	Flash à rebond
FlashFunction	Built-in flash	Flash intégré
FlashFunction	False	Faux
FlashFunction	Fill flash, ADI	Flash d'appoint, ADI
FlashFunction	Fill flash, Pre-flash TTL	Flash d'appoint, pré-flash TTL
FlashFunction	HSS	Synchro Haute Vitesse (HSS)
FlashFunction	Manual	Manuel
FlashFunction	No flash	Pas de flash
FlashFunction	Rear sync, ADI	Synchro arrière, ADI
FlashFunction	True	Vrai
FlashFunction	Wireless	Sans cordon
FlashGNDistance	n/a	Non applicable
FlashGroupAControlMode	Auto Aperture	Ouverture automatique
FlashGroupAControlMode	Automatic	Automatique
FlashGroupAControlMode	GN (distance priority)	GN (priorité à la distance)
FlashGroupAControlMode	Manual	Manuel
FlashGroupAControlMode	Off	Désactivé
FlashGroupAControlMode	Repeating Flash	Répétition du flash
FlashGroupBControlMode	Auto Aperture	Ouverture automatique
FlashGroupBControlMode	Automatic	Automatique
FlashGroupBControlMode	GN (distance priority)	GN (priorité à la distance)
FlashGroupBControlMode	Manual	Manuel
FlashGroupBControlMode	Off	Désactivé
FlashGroupBControlMode	Repeating Flash	Répétition du flash
FlashGroupCControlMode	Auto Aperture	Ouverture automatique
FlashGroupCControlMode	Automatic	Automatique
FlashGroupCControlMode	GN (distance priority)	GN (priorité à la distance)
FlashGroupCControlMode	Manual	Manuel
FlashGroupCControlMode	Off	Désactivé
FlashGroupCControlMode	Repeating Flash	Répétition du flash
FlashIntensity	High	Haute
FlashIntensity	Low	Basse
FlashIntensity	Normal	Normale
FlashIntensity	Strong	Forte
FlashIntensity	Weak	Faible
FlashIntensity	n/a	Non applicable
FlashIntensity	n/a (x4)	Non applicable (x4)
FlashLevel	High	Haut
FlashLevel	Low	Bas
FlashLevel	n/a	Non applicable
FlashMode	2nd Curtain	Flash 2ème rideau
FlashMode	Auto	Flash Auto
FlashMode	Auto, Did not fire	Flash Auto, non déclenché
FlashMode	Auto, Did not fire, Red-eye reduction	Flash Auto, non déclenché, réduction yeux rouges
FlashMode	Auto, Fired	Flash Auto, déclenché
FlashMode	Auto, Fired, Red-eye reduction	Auto, flash déclenché, réduction yeux rouges
FlashMode	Autoflash	Flash auto (Autoflash)
FlashMode	Did Not Fire	Flash non-déclenché
FlashMode	Disabled	Flash désactivé
FlashMode	External, Auto	Flash externe, auto
FlashMode	External, Contrast-control Sync	Flash externe, synchro contrôle des contrastes
FlashMode	External, Flash Problem	Flash externe, problème de flash
FlashMode	External, High-speed Sync	Flash externe, synchro haute vitesse
FlashMode	External, Manual	Flash externe, manuel
FlashMode	External, P-TTL Auto	Flash externe, P-TTL
FlashMode	External, Wireless	Flash externe, sans cordon
FlashMode	External, Wireless, High-speed Sync	Flash externe, sans cordon, synchro haute vitesse
FlashMode	Fill Flash	Flash d'appoint
FlashMode	Fill flash	Flash d'appoint
FlashMode	Fill-flash	Flash d'appoint
FlashMode	Fill-in	Flash d'Appoint (Fill-in)
FlashMode	Fired, Commander Mode	Flash déclenché, Mode Maître
FlashMode	Fired, External	Flash déclenché, Exterieur
FlashMode	Fired, Manual	Flash déclenché, Manuel
FlashMode	Fired, TTL Mode	Flash déclenché, Mode TTL
FlashMode	Flash Off	Flash désactivé
FlashMode	Force	Flash forcé
FlashMode	Forced On	Flash activé forcé
FlashMode	Internal	Flash interne
FlashMode	LED Light	Flash LED
FlashMode	Manual	Flash manuel
FlashMode	Normal	Flash normale
FlashMode	Not Ready	Flash non prêt
FlashMode	Off	Flash désactivé
FlashMode	Off, Did not fire	Flash désactivé, non déclenché
FlashMode	Off?	Flash désactivé ?
FlashMode	On	Flash activé
FlashMode	On, Did not fire	Flash activé, non déclenché
FlashMode	On, Did not fire, Wireless (Master)	Flash activé, non déclenché, sans cordon (Maître)
FlashMode	On, Fired	Flash activé, déclenché
FlashMode	On, Red-eye reduction	Flash activé, réduction yeux rouges
FlashMode	On, Slow-sync	Flash activé, synchro lente
FlashMode	On, Slow-sync, Red-eye reduction	Flash activé, synchro lente, réduction yeux rouges
FlashMode	On, Soft	Flash activé, doux
FlashMode	On, Trailing-curtain Sync	Flash activé, synchro 2e rideau
FlashMode	On, Wireless (Control)	Flash activé, sans cordon (Contrôle)
FlashMode	On, Wireless (Master)	Flash activé, sans cordon (Maître)
FlashMode	Rear Sync	Flash synchro arrière
FlashMode	Rear flash sync	Flash synchro arrière
FlashMode	Red eye	Flash yeux rouge
FlashMode	Red-Eye	Flash yeux rouge
FlashMode	Red-Eye?	Flash yeux rouge ?
FlashMode	Red-eye	Flash yeux rouge
FlashMode	Red-eye Reduction	Flash yeux rouge, réduction yeux rouges
FlashMode	Red-eye reduction	Flash yeux rouge réduction yeux rouges
FlashMode	Slow Sync	Flash synchro lente
FlashMode	Slow-sync	Flash synchro lente
FlashMode	Synchro, Red-eye reduction	Flash synchro réduction yeux rouges
FlashMode	Unknown	Inconnu
FlashMode	Wireless	Flash sans cordon
FlashMode	n/a - Off-Auto-Aperture	Non applicable - Auto-diaph hors service
FlashModel	None	Aucun
FlashOptions	Auto, Red-eye reduction	Auto, réduction yeux rouges
FlashOptions	Normal	Normale
FlashOptions	Red-eye reduction	Réduction yeux rouges
FlashOptions	Slow-sync	Synchro lente
FlashOptions	Slow-sync, Red-eye reduction	Synchro lente, réduction yeux rouges
FlashOptions	Trailing-curtain Sync	Synchro 2e rideau
FlashOptions	Wireless (Control)	Sans cordon (contrôleur)
FlashOptions	Wireless (Master)	Sans cordon (maître)
FlashOptions2	Auto, Red-eye reduction	Auto, réduction yeux rouges
FlashOptions2	Normal	Normale
FlashOptions2	Red-eye reduction	Réduction yeux rouges
FlashOptions2	Slow-sync	Synchro lente
FlashOptions2	Slow-sync, Red-eye reduction	Synchro lente, réduction yeux rouges
FlashOptions2	Trailing-curtain Sync	Synchro 2e rideau
FlashOptions2	Wireless (Control)	Sans cordon (contrôleur)
FlashOptions2	Wireless (Master)	Sans cordon (maître)
FlashRedEyeMode	False	Faux
FlashRedEyeMode	True	Vrai
FlashReturn	No return detection	Pas de détection de retour
FlashReturn	Return detected	Retour détecté
FlashReturn	Return not detected	Retour non détecté
FlashReturn	Subject Inside Flash Range	Sujet en porté du flash
FlashReturn	Subject Outside Flash Range	Sujet hors de porté du flash
FlashSource	External	Externe
FlashSource	Internal	Interne
FlashSource	None	Aucun
FlashStatus	Built-in	Flash intégré
FlashStatus	Built-in Flash Fired	Flash intégré déclenché
FlashStatus	Built-in Flash Inhibited	Flash intégré inhibé
FlashStatus	Built-in Flash present	Flash intégré présent
FlashStatus	External	Flash externe
FlashStatus	External Flash Fired	Flash externe déclenché
FlashStatus	External Flash present	Flash externe présent
FlashStatus	External, Did not fire	Flash externe, non déclenché
FlashStatus	External, Fired	Flash externe, déclenché
FlashStatus	Flash Inhibited	Flash inhibé
FlashStatus	Internal, Did not fire	Flash interne, non déclenché
FlashStatus	Internal, Did not fire (0x08)	Flash interne, non déclenché (0x08)
FlashStatus	Internal, Fired	Flash interne, déclenché
FlashStatus	No Flash present	Aucun flash présent
FlashStatus	None	Aucun
FlashStatus	Off	Désactivé
FlashStatus	Off (1)	Désactivé (1)
FlashSyncSpeedAv	1/200 Fixed	1/200 fixe
FlashSyncSpeedAv	1/250 Fixed	1/250 fixe
FlashSyncSpeedAv	1/300 Fixed	1/300 fixe
FlashType	Built-In Flash	Intégré
FlashType	External	Externe
FlashType	None	Aucune
FlashWarning	No	Non
FlashWarning	Off	Désactivé
FlashWarning	On	Activé
FlashWarning	Yes (flash required but disabled)	Oui (flash requis mais désactivé)
FlickerReduce	Off	Désactivé
FlickerReduce	On	Activé
FlipHorizontal	No	Non
FlipHorizontal	Yes	Oui
FocalPlaneAFPointsUsed	(none)	Aucun
FocalPlaneResolutionUnit	None	Aucune
FocalPlaneResolutionUnit	inches	Pouces
FocalPlaneResolutionUnit	um	µm (micromètre)
FocalType	Fixed	Fixe
Focus	Auto-focus Didn't Lock	Mise au point automatique non verrouillée
Focus	Auto-focus Locked	Mise au point automatique verrouillée
Focus	Manual	Manuelle
FocusContinuous	Continuous	Continue
FocusContinuous	Manual	Manuelle
FocusContinuous	Single	Simple
FocusLocked	Continuous Focus	Focus continu
FocusLocked	Manual Focus	Focus manuel
FocusLocked	No	Non
FocusLocked	Yes	Oui
FocusMode	(none)	(aucun)
FocusMode	AF sensor	Capteur AF
FocusMode	AF-A (Focus-priority)	AF-A (Priorité à la mise au point)
FocusMode	AF-A (Release-priority)	AF-A (Priorité à la libération)
FocusMode	AF-C	AF-C (prise de vue en rafale)
FocusMode	AF-C (Focus-priority)	AF-C (Priorité à la mise au point)
FocusMode	AF-C (Release-priority)	AF-C (Priorité à la libération)
FocusMode	AF-S	AF-S (prise de vue unique)
FocusMode	AF-S (Focus-priority)	AF-S (Priorité à la mise au point)
FocusMode	AF-S (Release-priority)	AF-S (Priorité à la libération)
FocusMode	Auto, Continuous	Auto, continue
FocusMode	Auto, Focus button	Bouton autofocus
FocusMode	Continuous	Auto, continue
FocusMode	Continuous AF	Auto, continue AF
FocusMode	Contrast-detect (Focus-priority)	Détection du contraste (Priorité à la mise au point)
FocusMode	Contrast-detect (Release-priority)	Détection du contraste (Priorité au déclenchement)
FocusMode	Custom	Personalisé
FocusMode	Face Detect	Détection de visage
FocusMode	Face detect	Détection de visage
FocusMode	Focus Lock	Verrouillage de la mise au point
FocusMode	Infinity	Infini
FocusMode	Live View Magnification Frame	Cadre d'agrandissement Live View
FocusMode	Manual	Manuelle
FocusMode	Manual Focus (3)	Mise au point manuelle (3)
FocusMode	Manual Focus (6)	Mise au point manuelle (6)
FocusMode	Movie	Vidéo
FocusMode	Movie Servo AF	Vidéo Servo AF
FocusMode	Movie Snap Focus	Vidéo Snap Focus
FocusMode	Multi-Area Auto Focus	Mise au point automatique multizone
FocusMode	Normal	Normale
FocusMode	One-shot AF	Mise au point automatique en une seule prise
FocusMode	Pan Focus	Hyperfocale
FocusMode	Permanent-AF	Permanent AF
FocusMode	Pinpoint AF	Point de mire AF
FocusMode	Semi-manual	Semi-manuelle
FocusMode	Sequential shooting AF	Prise de vue séquentielle en mise au point automatique
FocusMode	Single	Simple
FocusMode	Single AF	Mise au point automatique unique
FocusMode	Single-Area Auto Focus	Mise au point automatique à zone unique
FocusMode	Snap	Instantané
FocusMode	Starry Sky AF	Ciel étoilé AF
FocusMode	Subject Tracking	Suivi du sujet
FocusMode	Tracking Contrast-detect (Focus-priority)	Suivi de la détection du contraste (priorité à la mise au point)
FocusMode	n/a	Non applicable
FocusMode2	AF-C	AF-C (prise de vue en rafale)
FocusMode2	AF-S	AF-S (prise de vue unique)
FocusMode2	Manual	Manuelle
FocusModeSetting	AF-C	AF-C (prise de vue en rafale)
FocusModeSetting	AF-S	AF-S (prise de vue unique)
FocusModeSetting	Manual	Manuelle
FocusProcess	AF Not Used	Autofocus non utilisé
FocusProcess	AF Used	Autofocus utilisé
FocusRange	Close	Près
FocusRange	Far Range	Distance lointaine
FocusRange	Infinity	Infini
FocusRange	Manual	Manuelle
FocusRange	Middle Range	Distance moyenne
FocusRange	Normal	Normale
FocusRange	Not Known	Non connue
FocusRange	Pan Focus	Hyperfocale
FocusRange	Super Macro	Super macro
FocusRange	Very Close	Très près
FocusRangeIndex	0 (very close)	0 (très proche)
FocusRangeIndex	1 (close)	1 (proche)
FocusRangeIndex	6 (far)	6 (loin)
FocusRangeIndex	7 (very far)	7 (très loin)
FocusTrackingLockOn	Normal	Normale
FocusTrackingLockOn	Off	Désactivé
FocusWarning	Good	Bonne focalisation
FocusWarning	Out of focus	Pas de focalisation
FujiFlashMode	Commander	Commandeur
FujiFlashMode	External	Externe
FujiFlashMode	Flash Commander	Commandeur de Flash
FujiFlashMode	High Speed Sync (HSS)	Synchronisation haute vitesse (HSS)
FujiFlashMode	Manual	Manuel
FujiFlashMode	Not Attached	Non attaché
FujiFlashMode	Off	Désactivé
FujiFlashMode	On	Activé
FujiFlashMode	Red-eye reduction	Réduction yeux rouges
FujiFlashMode	TTL - Red-eye Flash - 1st Curtain (front)	TTL - Flash yeux rouges - 1er rideau (avant)
FujiFlashMode	TTL - Red-eye Flash - 2nd Curtain (rear)	TTL - Flash yeux rouges - 2eme rideau (arrière)
FujiFlashMode	TTL Auto - 1st Curtain (front)	TTL Auto - 1er rideau (avant)
FujiFlashMode	TTL Auto - 2nd Curtain (rear)	TTL Auto - 2eme rideau (arrière)
FujiFlashMode	TTL Auto - Did not fire	TTL Auto - Non déclenché
FujiFlashMode	TTL Auto - Red-eye Flash - 1st Curtain (front)	TTL Auto - 1er rideau (avant)
FujiFlashMode	TTL Auto - Red-eye Flash - 2nd Curtain (rear)	TTL Auto - 2eme rideau (arrière)
FujiFlashMode	TTL Slow - 1st Curtain (front)	TTL Lent - 1er rideau (avant
FujiFlashMode	TTL Slow - 2nd Curtain (rear)	TTL Lent - 2eme rideau (arrière)
FujiFlashMode	TTL Slow - Red-eye Flash - 1st Curtain (front)	TTL Lent - Flash yeux rouges - 1er rideau (avant
FujiFlashMode	TTL Slow - Red-eye Flash - 2nd Curtain (rear)	TTL Lent - Flash yeux rouges - 2eme rideau (arrière)
Func1Button	HDR Overlay	Recouvrement HDR
Func1ButtonPlaybackMode	HDR Overlay	Recouvrement HDR
Func1ButtonPlusDials	Active D-Lighting	D-Lighting actif
Func2Button	HDR Overlay	Recouvrement HDR
Func2ButtonPlaybackMode	HDR Overlay	Recouvrement HDR
Func2ButtonPlusDials	Active D-Lighting	D-Lighting actif
Func3Button	HDR Overlay	Recouvrement HDR
Func3ButtonPlaybackMode	HDR Overlay	Recouvrement HDR
Func4Button	HDR Overlay	Recouvrement HDR
Func4ButtonPlaybackMode	HDR Overlay	Recouvrement HDR
FuncButton	Active D-Lighting	D-Lighting actif
FuncButtonPlusDials	Active D-Lighting	D-Lighting actif
FunctionButton	Active D-Lighting	D-Lighting actif
FunctionButton	Center-weighted	Pondération centrale
GPSAltitudeRef	Above Sea Level	Au-dessus du niveau de la mer
GPSAltitudeRef	Below Sea Level	En-dessous du niveau de la mer
GPSDestBearingRef	Magnetic North	Nord magnétique
GPSDestBearingRef	True North	Nord vrai
GPSDestDistanceRef	Kilometers	Kilomètres
GPSDestDistanceRef	Nautical Miles	Milles nautiques
GPSDestLatitudeRef	North	Nord
GPSDestLatitudeRef	South	Sud
GPSDestLongitudeRef	East	Est
GPSDestLongitudeRef	West	Ouest
GPSDifferential	Differential Corrected	Différentiel corrigé
GPSDifferential	No Correction	Sans correction
GPSImgDirectionRef	Magnetic North	Nord magnétique
GPSImgDirectionRef	True North	Nord vrai
GPSLatitudeRef	North	Nord
GPSLatitudeRef	South	Sud
GPSLongitudeRef	East	Est
GPSLongitudeRef	West	Ouest
GPSMeasureMode	2-D	2D
GPSMeasureMode	2-Dimensional	Mesure à deux dimensions
GPSMeasureMode	2-Dimensional Measurement	Mesure bidimensionnelle
GPSMeasureMode	3-D	3D
GPSMeasureMode	3-Dimensional	Mesure à trois dimensions
GPSMeasureMode	3-Dimensional Measurement	Mesure tridimensionnelle
GPSMeasureMode	No Measurement	Aucune mesure
GPSSpeedRef	km/h	Kilomètres par heure
GPSSpeedRef	knots	nœuds
GPSSpeedRef	mph	Miles par heure
GPSStatus	Measurement Active	Mesure active
GPSStatus	Measurement Void	Mesure vide
GPSTrackRef	Magnetic North	Nord magnétique
GPSTrackRef	True North	Nord vrai
GTModelType	Geocentric	Géocentrique
GTModelType	Geographic	Géographique
GTModelType	Projected	Projeté
GTModelType	User Defined	Défini par l'utilisateur
GainControl	High gain down	Réduction du gain élevé
GainControl	High gain up	Augmentation du gain élevé
GainControl	Low gain down	Réduction du gain faible
GainControl	Low gain up	Augmentation du gain faible
GainControl	None	Aucun
GammaLinear	No	Non
GammaLinear	Yes	Oui
Gapless	No	Non
Gapless	Yes	Oui
GenProfileCompatibilityFlags	3D Main	3D principal
GenProfileCompatibilityFlags	Format Range Extensions	Extensions de la plage de formats
GenProfileCompatibilityFlags	High Throughput	Haut débit
GenProfileCompatibilityFlags	High Throughput Screen Content Coding Extensions	Extensions du codage du contenu de l'écrans à haut débit
GenProfileCompatibilityFlags	Main	Principal
GenProfileCompatibilityFlags	Main 10	Principal 10
GenProfileCompatibilityFlags	Main Still Picture	Photo principale
GenProfileCompatibilityFlags	Multiview Main	Multi-vues principale
GenProfileCompatibilityFlags	No Profile	Aucun profil
GenProfileCompatibilityFlags	Scalable Format Range Extensions	Extensions évolutives de la plage de formats
GenProfileCompatibilityFlags	Scalable Main	Évolutif principal
GenProfileCompatibilityFlags	Screen Content Coding Extensions	Extensions du codage du contenu de l'écran
GeneralProfileIDC	3D Main	3D principal
GeneralProfileIDC	Format Range Extensions	Extensions de la plage de formats
GeneralProfileIDC	High Throughput	Haut débit
GeneralProfileIDC	High Throughput Screen Content Coding Extensions	Extensions du codage du contenu de l'écrans à haut débit
GeneralProfileIDC	Main	Principal
GeneralProfileIDC	Main 10	Principal 10
GeneralProfileIDC	Main Still Picture	Photo principale
GeneralProfileIDC	Multiview Main	Multi-vues principale
GeneralProfileIDC	No Profile	Aucun profil
GeneralProfileIDC	Scalable Format Range Extensions	Extensions évolutives de la plage de formats
GeneralProfileIDC	Scalable Main	Évolutif principal
GeneralProfileIDC	Screen Content Coding Extensions	Extensions du codage du contenu de l'écran
GeneralProfileSpace	Conforming	Conforme
GeneralTierFlag	High Tier	Niveau supérieur
GeneralTierFlag	Main Tier	Niveau principal
Gradation	Auto-Override	Priorité automatique
Gradation	High Key	Tons clairs
Gradation	Low Key	Tons sombres
Gradation	Normal	Normale
Gradation	User-Selected	Sélection utilisateur
Gradation	n/a	Non applicable
GrayResponseUnit	0.0001	0.0001 - La valeur représente des millièmes
GrayResponseUnit	0.001	0.001. La valeur représente des centièmes
GrayResponseUnit	0.1	0.1. La valeur représente des dixièmes
GrayResponseUnit	1e-05	1e-05 - LLa valeur représente des dix-millièmes
GrayResponseUnit	1e-06	1e-06 - La valeur représente des cent-millièmes
GridDisplay	Off	Désactivé
GridDisplay	On	Activé
GripBatteryState	Almost Empty	Presque vide
GripBatteryState	Empty or Missing	Vide ou absent
GripBatteryState	Full	Pleinz
GripBatteryState	Running Low	Niveau faible
HDR	Auto-align Off	Alignement automatique désactivé
HDR	Auto-align On	Alignement automatique activé
HDR	HDR Advanced	HDR avancé
HDR	HDR Auto	HDR auto
HDR	HDR image (fail 1)	Image HDR (ratée 1)
HDR	HDR image (fail 2)	Image HDR (ratée 2)
HDR	HDR image (good)	Image HDR (bonne)
HDR	Off	Désactivée
HDR	On	Activée
HDR	On (normal)	Activée (normale)
HDR	Uncorrected image	Image incorrecte
HDR	n/a	Non applicable
HDREffect	Art (bold)	Art (gras)
HDREffect	Art (embossed)	Art (embossé)
HDREffect	Art (vivid)	Art (éclatant)
HDREffect	Natural	Naturel
HDRImageType	HDR Image	Image HDR
HDRImageType	Original Image	Image orginale
HDRLevel	n/a	Non applicable
HDRLevel2	n/a	Non applicable
HDRSetting	Off	Désactivé
HDRSetting	On (Auto)	Activé (Auto)
HDRSetting	On (Manual)	Activé (Manuel)
HDRShot	Off	Désactivée
HDRShot	On	Activée
HDRSmoothing	n/a	Non applicable
HandlerType	Alias Data	Données alias
HandlerType	Audio Track	Piste audio
HandlerType	Camera Metadata	Métadonnées d'appareil photo
HandlerType	Clock Reference	Référence d'horloge
HandlerType	Data	Données
HandlerType	Hint Track	Piste d'indice
HandlerType	MPEG-7 Stream	Flux MPEG-7
HandlerType	Metadata	Métadonnées
HandlerType	Metadata Tags	Tags de métadonnées
HandlerType	Non-Real Time Metadata	Métadonnées non Temps réel
HandlerType	Object Content	Contenu d'objet
HandlerType	Object Descriptor	Descripteur d'objet
HandlerType	Panasonic Static Metadata	Métadonnées statiques Panasonic
HandlerType	Picture	Image
HandlerType	Private	Privé
HandlerType	Scene Description	Description de scène
HandlerType	Subpicture	Sous-image
HandlerType	Subtitle	Sous-titre
HandlerType	Text	Texte
HandlerType	Time Code	Code temporel
HandlerType	Video Track	Piste vidéo
HighISONoiseReduction	Active (Medium)	Active (Moyenne)
HighISONoiseReduction	Active (Strong)	Active (Forte)
HighISONoiseReduction	Active (Weak)	Active (Faible)
HighISONoiseReduction	Auto	Auto.
HighISONoiseReduction	High	Forte
HighISONoiseReduction	Low	Faible
HighISONoiseReduction	Medium	Moyenne
HighISONoiseReduction	Medium High	Moyennement élevée
HighISONoiseReduction	Medium Low	Moyennement faible
HighISONoiseReduction	Minimal	Minimale
HighISONoiseReduction	Normal	Normale
HighISONoiseReduction	Off	Désactivée
HighISONoiseReduction	On	Activée
HighISONoiseReduction	Strong	Importante
HighISONoiseReduction	Weak	Faible
HighISONoiseReduction	Weakest	La plus faible
HighISONoiseReduction2	High	Forte
HighISONoiseReduction2	Low	Faible
HighISONoiseReduction2	Normal	Normale
HighISONoiseReduction2	Off	Désactivée
HighISONoiseReduction2	n/a	Non applicable
HighlightTone	+1 (medium hard)	+1 (moyennement dure)
HighlightTone	+2 (hard)	+2 (dure)
HighlightTone	+3 (very hard)	+3 (très dure)
HighlightTone	+4 (hardest)	+4 (la plus dure)
HighlightTone	-1 (medium soft)	-1 (moyennement douce)
HighlightTone	-2 (soft)	-2 (douce)
HighlightTone	0 (normal)	0 (normale)
HighlightTonePriority	Disable	Désactivée
HighlightTonePriority	Enable	Activée
HighlightTonePriority	Off	Désactivée
HighlightTonePriority	On	Activée
HighlightWarning	Disabled	Désactivé
HighlightWarning	No	Non
HighlightWarning	Yes	Oui
HometownCity	Adelaide	Adélaïde
HometownCity	Algiers	Alger
HometownCity	Athens	Athène
HometownCity	Beijing	Pékin
HometownCity	Cairo	Le Caire
HometownCity	Caracus	Caracas
HometownCity	Jerusalem	Jérusalem
HometownCity	Kabul	Kaboul
HometownCity	Kathmandu	Kathmandou
HometownCity	Lisbon	Lisbonne
HometownCity	London	Londre
HometownCity	Male	Malé
HometownCity	Manila	Manille
HometownCity	Moscow	Moscou
HometownCity	Noumea	Nouméa
HometownCity	Seoul	Séoul
HometownCity	Singapore	Singapour
HometownCity	Tehran	Téhéran
HometownCity	Warsaw	Varsovie
HometownCity	Yangon	Rangoun
HometownDST	No	Non
HometownDST	Yes	Oui
IDCCreativeStyle	Adobe RGB	Adobe RVB
IDCCreativeStyle	Autumn Leaves	Feuilles d'automne
IDCCreativeStyle	B&W	N&B
IDCCreativeStyle	Camera Setting	Réglage de l'appareil photo
IDCCreativeStyle	Clear	Clair
IDCCreativeStyle	Deep	Profond
IDCCreativeStyle	Landscape	Paysage
IDCCreativeStyle	Light	Lumière
IDCCreativeStyle	Neutral	Neutre
IDCCreativeStyle	Night View	Vue nocturne
IDCCreativeStyle	Real	Réel
IDCCreativeStyle	Sepia	Sépia
IDCCreativeStyle	Sunset	Coucher de soleil
IDCCreativeStyle	Vivid	Éclatant
IPTCImageRotation	0	Pas de rotation
IPTCImageRotation	180	Rotation de 180 degrés
IPTCImageRotation	270	Rotation de 270 degrés
IPTCImageRotation	90	Rotation de 90 degrés
ISOAuto	Off	Désactivé
ISOAuto	On	Activé
ISOAutoMinSpeed	Auto Fast	Auto rapide
ISOAutoMinSpeed	Auto Slow	Auto lent
ISOExpansion	Off	Arrêt
ISOExpansion	On	Marche
ISOExpansion2	Off	Désactivé
ISOSetting	Manual	Manuelle
ISOSetting	n/a	Non applicable
ISOSpeedExpansion	No	Non
ISOSpeedExpansion	Yes	Oui
ISOSpeedIncrements	1/3 Stop	Palier 1/3
ISOSpeedRange	Disable	Désactivé
ISOSpeedRange	Enable	Activée
IcingDetected	No	Non
IcingDetected	Yes	Oui
IcingDetected	n/a	Non applicable
Illumination	Off	Désactivé
Illumination	On	Activé
ImageAuthentication	Off	Désactivé
ImageAuthentication	On	Activé
ImageDustOff	Off	Désactivé
ImageDustOff	On	Activé
ImageEditing	Cropped	Recadré
ImageEditing	Digital Filter	Filtre numérique
ImageEditing	Frame Synthesis?	Synthèse de vue ?
ImageEditing	None	Aucun
ImageEffects	Cross Process	Traitement croisé
ImageEffects	High Key	Tons clairs
ImageEffects	Vivid	Éclatant
ImageFileSizeAsDelivered	Greater than 50 MB	Supérieure à 50 Mo
ImageFileSizeAsDelivered	Up to 1 MB	Jusqu'à 1 Mo
ImageFileSizeAsDelivered	Up to 10 MB	Jusqu'à 10 Mo
ImageFileSizeAsDelivered	Up to 30 MB	Jusqu'à 30 Mo
ImageFileSizeAsDelivered	Up to 50 MB	Jusqu'à 50 Mo
ImageGeneration	Original Image	Image orginale
ImageGeneration	Re-developed from RAW	Redéveloppée à partir du RAW
ImageOrientation	Landscape	Paysage
ImageOrientation	Square	Carré
ImagePixelFormat	2-byte short integer	Nombre entier court de 2 octets
ImagePixelFormat	4-byte float	Nombre flottant de 4 octets
ImagePixelFormat	4-byte long integer	Nombre entier long de 4 octets
ImagePixelFormat	8-byte double	Nombre entier double de 8 octets
ImageQuality	4k Movie	Film 4k
ImageQuality	Full HD Movie	Vidéo Full HD
ImageQuality	High	Haute
ImageQuality	JPEG Basic	JPEG Basique
ImageQuality	JPEG Fine	JPEG Fin
ImageQuality	Motion Picture	Film d'animation
ImageQuality	NEF (RAW) + JPEG Basic	NEF (RAW) + JPEG basique
ImageQuality	NEF (RAW) + JPEG Fine	NEF (RAW) + JPEG Fin
ImageQuality	NEF (RAW) + JPEG Norm	NEF (RAW) + JPEG Normal
ImageQuality	Normal	Normale
ImageQuality	Snap Shot	Instantané
ImageQuality	TIF (RGB)	TIF (RVB)
ImageQuality	Very High	Très haute
ImageReview	Off	Désactivé
ImageReview	On	Activé
ImageRotated	No	Non
ImageRotated	Yes	Oui
ImageStabilization	Off	Désactivée
ImageStabilization	On	Activée
ImageStabilization	On (0x3f)	Activée (0x3f)
ImageStabilization	On (2)	Activée (2)
ImageStabilization	On (mode 1, continuous)	Activée (mode 1, continu)
ImageStabilization	On (mode 2, shooting only)	Activée (mode 2, prise de vue uniquement)
ImageStabilization	On, Body-only	Activée, Corps seul
ImageStabilization	On, Body-only Panning	Activée, Panoramique du boitier seulement
ImageStabilization	On, Mode 1	Activée, Mode 1
ImageStabilization	On, Mode 2	Activée, Mode 2
ImageStabilization	On, Mode 3	Activée, Mode 3
ImageStabilization	On, Mode 4	Activée, Mode 4
ImageStabilization	On, Optical	Activée, Optique
ImageStabilization	On, Optical Panning	Activée, Panoramique optique
ImageStabilization	Optical	Optique
ImageStabilization	Panning	Panoramique
ImageStabilization	Panning (2)	Panoramique (2)
ImageStabilization	Sensor-shift	Déplacement du capteur
ImageStabilization	Shoot Only	Prise de vue uniquement
ImageStabilization	Shoot Only (2)	Prise de vue uniquement (2)
ImageStabilization	Slow Shutter	Obturateur à vitesse lente
ImageStabilization	n/a	Non applicable
ImageStyle	Adobe RGB	Adobe RVB
ImageStyle	B&W	N&B
ImageStyle	Landscape	Paysage
ImageStyle	Neutral	Neutre
ImageStyle	Night View/Portrait	Vue/Portrait nocturne
ImageStyle	Sunset	Coucher de soleil
ImageStyle	Vivid	Éclatant
ImageTone	Bright	Brillant
ImageTone	Cross Processing	Traitement croisé
ImageTone	Landscape	Paysage
ImageTone	Natural	Naturel
InfoButtonWhenShooting	Displays camera settings	Affiche les réglages en cours
InfoButtonWhenShooting	Displays shooting functions	Affiche les fonctions
IntelligentAuto	Advanced	Avancé
IntelligentAuto	Off	Désactivé
IntelligentAuto	On	Activé
IntelligentContrast	Off	Désactivé
IntelligentContrast	On	Activé
IntelligentContrast	n/a	Non applicable
IntelligentExposure	High	Haute
IntelligentExposure	Low	Basse
IntelligentExposure	Off	Désactivée
IntelligentResolution	Extended	Étendue
IntelligentResolution	High	Haute
IntelligentResolution	Low	Basse
IntelligentResolution	Off	Désactivée
IntensityStereo	Off	Désactivé
IntensityStereo	On	Activé
InterchangeColorSpace	CMY (K) Device Dependent	CMY(K) dépendant de l'appareil
InterchangeColorSpace	RGB Device Dependent	RVB dépendant de l'appareil
InternalFlash	Commander Mode	Mode Maître
InternalFlash	Fired	Flash déclenché
InternalFlash	Manual	Manuelle
InternalFlash	No	Flash non déclenché
InternalFlash	Off	Désactivé
InternalFlash	On	Activé
InternalFlashMode	Did not fire, (Unknown 0xf4)	Hors service (inconnue 0xF4)
InternalFlashMode	Did not fire, Auto	Hors service, auto
InternalFlashMode	Did not fire, Auto, Red-eye reduction	Hors service, auto, réduction yeux rouges
InternalFlashMode	Did not fire, Normal	Hors service, normal
InternalFlashMode	Did not fire, Red-eye reduction	Hors service, réduction yeux rouges
InternalFlashMode	Did not fire, Slow-sync	Hors service, synchro lente
InternalFlashMode	Did not fire, Slow-sync, Red-eye reduction	Hors service, synchro lente, réduction yeux rouges
InternalFlashMode	Did not fire, Trailing-curtain Sync	Hors service, synchro 2e rideau
InternalFlashMode	Did not fire, Wireless (Control)	Hors service, sans cordon (contrôleur)
InternalFlashMode	Did not fire, Wireless (Master)	Hors service, sans cordon (maître)
InternalFlashMode	Fired	Activé
InternalFlashMode	Fired, Auto	En service, auto
InternalFlashMode	Fired, Auto, Red-eye reduction	En service, auto, réduction yeux rouges
InternalFlashMode	Fired, Red-eye reduction	En service, réduction yeux rouges
InternalFlashMode	Fired, Slow-sync	En service, synchro lente
InternalFlashMode	Fired, Slow-sync, Red-eye reduction	En service, synchro lente, réduction yeux rouges
InternalFlashMode	Fired, Trailing-curtain Sync	En service, synchro 2e rideau
InternalFlashMode	Fired, Wireless (Control)	En service, sans cordon (contrôleur)
InternalFlashMode	Fired, Wireless (Master)	En service, sans cordon (maître)
InternalFlashMode	n/a - Off-Auto-Aperture	Non applicable - Auto-diaph hors service
InteropIndex	R03 - DCF option file (Adobe RGB)	R03: fichier d'option DCF (Adobe RVB)
InteropIndex	R98 - DCF basic file (sRGB)	R98: fichier de base DCF (sRVB)
InteropIndex	THM - DCF thumbnail file	THM: fichier de vignette DCF
JPEG-HEIFSwitch	n/a	Non applicable
JPEGQuality	Basic	Basique
JPEGQuality	Extra Fine	Extra fine
JPEGQuality	High	Haute
JPEGQuality	Standard	Normale
JPEGQuality	Very High	Trés haute
JPEGQuality	n/a	Non applicable
JPEGQuality	n/a (Movie)	Non applicable (vidéo)
JPEGQuality	n/a (RAW only)	Non applicable (RAW seulement)
JpgRecordedPixels	10 MP	10 Mpx
JpgRecordedPixels	2 MP	2 Mpx
JpgRecordedPixels	6 MP	6 Mpx
LCDDisplayAtPowerOn	Display	Allumé
LCDDisplayAtPowerOn	Retain power off status	État précédent
LCDDisplayReturnToShoot	Also with * etc.	Aussi par * etc.
LCDDisplayReturnToShoot	With Shutter Button only	Par déclencheur uniq.
LCDIllumination	Off	Désactivé
LCDIllumination	On	Activé
LCDIlluminationDuringBulb	Off	Désactivé
LCDIlluminationDuringBulb	On	Activé
LCDPanels	ISO/File no.	ISO/No. fichier
LCDPanels	ISO/Remain. shots	ISO/Vues restantes
LCDPanels	Remain. shots/File no.	Vues restantes/No. fichier
LCDPanels	Shots in folder/Remain. shots	Vues dans dossier/Vues restantes
LCHEditor	Off	Désactivé
LCHEditor	On	Activé
LameStereoMode	Dual Channels	Doubles canaux
LameStereoMode	Forced Joint Stereo	Stéréo jointe forcée
LameStereoMode	Intensity Stereo	Stéréo Intensité
LameStereoMode	Joint Stereo	Stéréo jointe
LameStereoMode	Stereo	Stéréo
LanguageCode	Albanian	Albanais
LanguageCode	Arabic	Arabe
LanguageCode	Azeri	Azéri
LanguageCode	Belarusian	Belarusse
LanguageCode	Bulgarian	Bulgare
LanguageCode	Byelorussian	Biélorusse
LanguageCode	Chinese (Simplified)	Chinois (Simplifié)
LanguageCode	Chinese (Traditional)	Chinois (Traditionnel)
LanguageCode	Cornish	Cornique
LanguageCode	Croato-Serbian (Latin)	Serbo-Croate
LanguageCode	Czech	Tchèque
LanguageCode	Danish	Danois
LanguageCode	Dutch	Flamand
LanguageCode	Dutch (Belgian)	Flamand (Belge)
LanguageCode	English (Australian)	Anglais (Australien)
LanguageCode	English (British)	Anglais (Britanique)
LanguageCode	English (Canadian)	Anglais (Canadien)
LanguageCode	English (U.S.)	Anglais (U.S.)
LanguageCode	English (US)	Anglais (US)
LanguageCode	Estonian	Estonien
LanguageCode	Finnish	Finnois
LanguageCode	French	Français
LanguageCode	French (Belgian)	Français (Belge)
LanguageCode	French (Canadian)	Français (Canadien)
LanguageCode	French (Swiss)	Français (Suisse)
LanguageCode	Gaelic	Gaëlic
LanguageCode	Georgian	Georgien
LanguageCode	German	Allemand
LanguageCode	German (Austrian)	Allemand (Autralien)
LanguageCode	German (Swiss)	Allemand (Suisse)
LanguageCode	Greek	Grecque
LanguageCode	Hebrew	Hébreux
LanguageCode	Hungarian	Hongrois
LanguageCode	Icelandic	Islandais
LanguageCode	Indonesian	Indonésien
LanguageCode	Italian	Italien
LanguageCode	Italian (Swiss)	Italian (Suisse)
LanguageCode	Japanese	Japonnais
LanguageCode	Korean	Coréen
LanguageCode	Latvian	Letton
LanguageCode	Lithuanian	Lithuanien
LanguageCode	Macedonian	Macedonien
LanguageCode	Malay	Malais
LanguageCode	Malaysian	Malaysien
LanguageCode	Maltese	Maltais
LanguageCode	Mongolian	Mongolien
LanguageCode	Nepali	Népalais
LanguageCode	Neutral	Neutre
LanguageCode	Neutral 2	Neutre 2
LanguageCode	None	Aucune
LanguageCode	Norwegian (Bokmal)	Norvégien (Bokmal)
LanguageCode	Norwegian (Bokml)	Norvégien (Bokml)
LanguageCode	Norwegian (Nynorsk)	Norvégien (Nynorsk)
LanguageCode	Oriya	Odia
LanguageCode	Polish	Polonais
LanguageCode	Portuguese	Portugais
LanguageCode	Portuguese (Brazilian)	Portugais (Brésilen)
LanguageCode	Process default	Traitement par défaut
LanguageCode	Punjabi	Penjabi
LanguageCode	Rhaeto-Romanic	Rhaeto-Romain
LanguageCode	Romanian	Roumain
LanguageCode	Russian	Russe
LanguageCode	Serbo-Croatian (Cyrillic)	Serbo-Croate (Cyrillique)
LanguageCode	Simplified Chinese	Chinois simplifié
LanguageCode	Slovak	Slovaque
LanguageCode	Slovenian	Slovène
LanguageCode	Spanish (Castilian)	Espagnol (Castillan)
LanguageCode	Spanish (Mexican)	Espagnol (Mexicain)
LanguageCode	Spanish (Modern)	Espagnol (Moderne)
LanguageCode	Swedish	Suédois
LanguageCode	Tamil	Tamoul
LanguageCode	Traditional Chinese	Chinois traditionnel
LanguageCode	Turkish	Turque
LanguageCode	Ukrainian	Ukrainien
LanguageCode	Urdu	Ourdou
LanguageCode	Uzbek	Ouzbek
LanguageCode	Vietnamese	Vietnamien
LanguageCode	Walon	Wallon
LanguageCode	Welsh	Gallois
LanguageCode	Zulu	Zoulou
LateralChromaticAberration	Off	Désactivée
LateralChromaticAberration	n/a	Non applicable
LensAFStopButton	AE lock	Verrouillage de l'exposition automatique
LensAFStopButton	AE lock while metering	Verrouillage de l'exposition automatique pendant le mesurage
LensAFStopButton	AF Stop	Arrêt de l'autofocus
LensAFStopButton	AF mode: ONE SHOT <-> AI SERVO	Mode autofocus: UNE PRISE DE VUE <-> IA SERVO
LensAFStopButton	AF point: M -> Auto / Auto -> Ctr.	Points autofocus: M -> Auto / Auto -> Ctr.
LensAFStopButton	AF point: M->Auto/Auto->ctr	Points autofocus: M->Auto/Auto->ctr
LensAFStopButton	AF start	Activation autofocus
LensAFStopButton	AF stop	Arrêt de l'autofocus
LensAFStopButton	IS start	Activation stabilisation image
LensAFStopButton	Lock AE and start timer	Verrouillage de l'autofocus et démarrage du minuteur
LensAFStopButton	ONE SHOT <-> AI SERVO	UNE PRISE DE VUE <-> IA SERVO
LensAFStopButton	One Shot <-> AI servo	Une prise de vue <-> IA Servo
LensAFStopButton	Operate AF	Exploitation de l'autofocus
LensAFStopButton	Spot AF	Spot de l'autofocus
LensAFStopButton	Switch to registered AF point	Passage au point d'autofocus enregistré
LensAttached	No	Non
LensAttached	Yes	Oui
LensDriveNoAF	Focus search off	Pas de recherche du point
LensDriveNoAF	Focus search on	Recherche du point
LensFocusFunctionButtons	AE Lock Only	Verrouillage Exposition Auto uniquement
LensFocusFunctionButtons	AE/AF Lock	Verrouillage AF/Exposition Auto
LensFocusFunctionButtons	AF Lock Only	Verrouillage AF uniquement
LensFocusFunctionButtons	AF-Area Mode (Auto Area AF)	AF-Mode zone (AF Zone auto)
LensFocusFunctionButtons	AF-Area Mode (Dynamic Area 152 Points)	AF-Mode zone Zone-dynamique (152 points)
LensFocusFunctionButtons	AF-Area Mode (Dynamic Area 153 Points)	AF-Mode zone Zone-dynamique (153 points)
LensFocusFunctionButtons	AF-Area Mode (Dynamic Area 25 Points)	AF-Mode zone Zone-dynamique (25 points)
LensFocusFunctionButtons	AF-Area Mode (Dynamic Area 72 Points)	AF-Mode zone Zone-dynamique (72 points)
LensFocusFunctionButtons	AF-Area Mode (Dynamic Area 9 Points)	AF-Mode zone Zone-dynamique (9 points)
LensFocusFunctionButtons	AF-Area Mode (Group Area AF)	AF-Mode zone (AF Zone-groupe)
LensFocusFunctionButtons	AF-Area Mode (Single)	AF-Mode zone (Point unique)
LensFocusFunctionButtons	AF-Area Mode + AF-On (Auto Area AF)	AF-Mode zone: AF Activé (AF Zone auto)
LensFocusFunctionButtons	AF-Area Mode + AF-On (Dynamic Area 152 Points)	AF-Mode zone: AF Activé (AF Zone-dynamique (152 points)
LensFocusFunctionButtons	AF-Area Mode + AF-On (Dynamic Area 153 Points)	AF-Mode zone: AF Activé (AF Zone-dynamique (153 points)
LensFocusFunctionButtons	AF-Area Mode + AF-On (Dynamic Area 25 Points)	AF-Mode zone: AF Activé (AF Zone-dynamique (25 points)
LensFocusFunctionButtons	AF-Area Mode + AF-On (Dynamic Area 72 Points)	AF-Mode zone: AF Activé (AF Zone-dynamique (72 points)
LensFocusFunctionButtons	AF-Area Mode + AF-On (Dynamic Area 9 Points)	AF-Mode zone: AF Activé (AF Zone-dynamique (9 points)
LensFocusFunctionButtons	AF-Area Mode + AF-On (Group Area AF)	AF-Mode zone: AF Activé (AF Zone-groupe)
LensFocusFunctionButtons	AF-Area Mode + AF-On (Single)	AF-Mode zone: AF Activé (Unique)
LensFocusFunctionButtons	AF-Area Mode:  Single-point AF	AF-Mode zone: AF Point unique
LensFocusFunctionButtons	AF-Area Mode: Auto area AF	AF-Mode zone: AF Zone auto
LensFocusFunctionButtons	AF-Area Mode: Dynamic-area AF (21 points)	AF-Mode zone: AF Zone-dynamique (21 points)
LensFocusFunctionButtons	AF-Area Mode: Dynamic-area AF (51 points)	AF-Mode zone: AF Zone-dynamique (51 points)
LensFocusFunctionButtons	AF-Area Mode: Dynamic-area AF (9 points)	AF-Mode zone: AF Zone-dynamique (9 points)
LensFocusFunctionButtons	AF-Area Mode: Group-area AF	AF-Mode zone: AF Zone-groupe
LensFocusFunctionButtons	AF-On	AF-Activé
LensFocusFunctionButtons	Disable Synchronized Release	Désactiver la synchro de déclenchement
LensFocusFunctionButtons	Flash Disable/Enable	Désactivation/activation du flash
LensFocusFunctionButtons	Preset Focus Point	Point de mise au point prédéfini
LensFocusFunctionButtons	Preset focus Point	Point de mise au point prédéfini
LensFocusFunctionButtons	Remote Release Only	Déclenchement en télécommande seulement
LensFocusFunctionButtons	Sync Release (Master Only)	Synchro déclenchement (Maître seulement)
LensFocusFunctionButtons	Sync Release (Remote Only)	Synchro déclenchement (Télécommande seulement)
LensFormat	Full-frame	Plein cadre
LensFormat	Unknown	Inconnu
LensFunc1Button	HDR Overlay	Recouvrement HDR
LensFunc2Button	HDR Overlay	Recouvrement HDR
LensModulationOptimizer	Off	Désactivé
LensModulationOptimizer	On	Activé
LensMount	A-mount	Monture A
LensMount	A-mount (3)	Monture A (3)
LensMount	E-mount	Monture E
LensMount	Unknown	Inconnue
LensMount2	A-mount (1)	Monture A (1)
LensMount2	A-mount (5)	Monture A (5)
LensMount2	E-mount	Monture E
LensMount2	Unknown	Inconnue
LensMountType	F-mount Lens	Objectif à monture F
LensMountType	Z-mount Lens	Objectif à monture Z
LensShutterLock	Off	Désactivé
LensShutterLock	On	Activé
LensType	None	Aucun
LensType	n/a	Non applicable
LensType	smc PENTAX-F 100-300mm F4.5-5.6 or Sigma Lens	smc PENTAX-F 100-300mm F4.5-5.6 ou objectif Sigma
LensType	smc PENTAX-F 28-80mm F3.5-4.5 or Tokina Lens	smc PENTAX-F 28-80mm F3.5-4.5 ou objectif Tokina
LensType	smc PENTAX-F 35-105mm F4-5.6 or Sigma or Tokina Lens	smc PENTAX-F 35-105mm F4-5.6 ou objectif Sigma ou Tokina
LensType	smc PENTAX-F 70-210mm F4-5.6 or Tokina or Takumar Lens	smc PENTAX-F 70-210mm F4-5.6 or Tokina ou objectif Takumar
LensType	smc PENTAX-F Macro 50mm F2.8 or Sigma Lens	smc PENTAX-F Macro 50mm F2.8 ou objectif Sigma
LensType	smc PENTAX-FA 28-200mm F3.8-5.6 AL[IF] or Tamron Lens	smc PENTAX-FA 28-200mm F3.8-5.6 AL[IF] ou objectif Tamron
LensType	smc PENTAX-FA 31mm F1.8 AL Limited	smc PENTAX-FA 31mm F1.8 Limité AL
LevelOrientation	n/a	Non applicable
LicenseType	Unknown	Inconnu
LightSource	Cloudy	Nuageux
LightSource	Cool White Fluorescent	Fluorescente type soft
LightSource	Custom 1-4	Personnalisé 1-4
LightSource	Day White Fluorescent	Jour blanc Fluorescent
LightSource	Daylight	Lumière du jour
LightSource	Daylight Fluorescent	Lumière du jour Fluorescente
LightSource	Evening Sunlight	Soleil du soir
LightSource	Fine Weather	Beau temps
LightSource	Fluorescent	Fluorescente
LightSource	ISO Studio Tungsten	Tungstène studio ISO
LightSource	One Touch White Balance	Balance des blancs par simple pression
LightSource	Other	Autre
LightSource	Shade	Ombre
LightSource	Standard Light A	Lumière standard A
LightSource	Standard Light B	Lumière standard B
LightSource	Standard Light C	Lumière standard C
LightSource	Tungsten (Incandescent)	Tungstène (lumière incandescente)
LightSource	Unknown	Inconnue
LightSource	Warm White Fluorescent	Fluorescent blanc chaud
LightSource	White Fluorescent	Fluorescent blanc
LightSourceSpecial	Off	Désactivé
LightSourceSpecial	On	Activé
Lit	No	Non
Lit	Yes	Oui
LiveViewAFMethod	n/a	Non applicable
LiveViewAFSetting	n/a	Non applicable
LiveViewExposureSimulation	Disable (LCD auto adjust)	Désactivée (réglage écran auto)
LiveViewExposureSimulation	Enable (simulates exposure)	Activée (simulation exposition)
LiveViewFocusMode	n/a	Non applicable
LiveViewMetering	n/a	Non applicable
LiveViewShooting	Off	Désactivé
LiveViewShooting	On	Activé
LockMicrophoneButton	Protect (hold:record memo)	Protéger (maintien: enregistrement sonore)
LockMicrophoneButton	Record memo (protect:disable)	Enregistrement sonore (protéger: désactivée)
LongExposureNoiseReduction	Off	Désactivée
LongExposureNoiseReduction	Off (65535)	Désactivée (65535)
LongExposureNoiseReduction	On	Activée
LongExposureNoiseReduction	On (65535)	Activée (65535)
LongExposureNoiseReduction	On (dark subtracted)	Activée (obscurité soustraite)
LongExposureNoiseReduction	On (unused)	Activée (non utilisée)
LongExposureNoiseReduction	n/a	Non applicable
LongExposureNoiseReduction2	Off	Désactivée
LongExposureNoiseReduction2	On	Activée
LongExposureNoiseReduction2	On (1D)	Activée (1D)
LoopStyle	Normal	Normale
LuminanceNoiseReduction	Low	Bas
LuminanceNoiseReduction	Off	Désactivé
MPImageFlags	Dependent child image	Image fille dépendante
MPImageFlags	Dependent parent image	Image parent dépendante
MPImageFlags	Representative image	Image représentative
MPImageType	Baseline MP Primary Image	Image primaire MP de référence
MPImageType	Large Thumbnail (VGA equivalent)	Grande vignette (équivalent VGA)
MPImageType	Large Thumbnail (full HD equivalent)	Grande vignette (équivalent à full HD)
MPImageType	Multi-frame Disparity	Disparité multi-image
MPImageType	Multi-frame Panorama	Panorama multi-image
MPImageType	Undefined	Indéfini
MSStereo	Off	Désactivé
MSStereo	On	Activé
Macro	Close Focus	Gros plan
Macro	Manual	Manuel
Macro	Normal	Normale
Macro	Off	Désactivée
Macro	On	Activée
Macro	Super Macro	Super macro
Macro	View	Vue
Macro	n/a	Non applicable
MacroMode	Macro Zoom	Zoom Macro
MacroMode	Normal	Normale
MacroMode	Off	Désactivé
MacroMode	On	Activé
MacroMode	Super Macro	Super macro
MacroMode	Tele-Macro	Télé-Macro
MagicFilter	Cross Process	Traitement croisé
MagicFilter	Cross Process II	Traitement croisé II
MagicFilter	Partial Color	Couleur partielle
MagicFilter	Partial Color II	Couleur partielle II
MagicFilter	Partial Color III	Couleur partielle III
MagicFilter	Soft Focus	Flou artistique
MagicFilter	Soft Focus 2	Flou artistique 2
MagnifiedView	Image playback only	Lecture image uniquement
MagnifiedView	Image review and playback	Aff. inst. et lecture
MainDialExposureComp	Off	Désactivé
MainDialExposureComp	On	Activé
MajorBrand	3GPP (.3GP) Release 6 MBMS Extended Presentations	3GPP (.3GP) Version 6 Présentations étendues de MBMS
MajorBrand	3GPP (.3GP) Release 7 MBMS Extended Presentations	3GPP (.3GP) Version 7 Présentations étendues de MBMS
MajorBrand	3GPP Media (.3GP) Release 1 (probably non-existent)	3GPP Media (.3GP) Version 1 (probablement inexistante)
MajorBrand	3GPP Media (.3GP) Release 2 (probably non-existent)	3GPP Media (.3GP) Version 2 (probablement inexistante)
MajorBrand	3GPP Media (.3GP) Release 3 (probably non-existent)	3GPP Media (.3GP) Version 3 (probablement inexistante)
MajorBrand	3GPP Media (.3GP) Release 4	3GPP Media (.3GP) Version 4
MajorBrand	3GPP Media (.3GP) Release 5	3GPP Media (.3GP) Version 5
MajorBrand	3GPP Media (.3GP) Release 6 Streaming Servers	3GPP Media (.3GP) Version 6 Serveurs de streaming
MajorBrand	3GPP Media (.3GP) Release 7 Streaming Servers	3GPP Media (.3GP) Version 7 Serveurs de streaming
MajorBrand	3GPP Release 6 General Profile	3GPP Version 6 Profil général
MajorBrand	3GPP2 EZmovie for KDDI 3G cellphones	3GPP2 EZmovie pour les téléphones portables 3G de KDDI
MajorBrand	3GPP2 Media (.3G2) compliant with 3GPP2 C.S0050-0 V1.0	3GPP2 Media (.3G2)conforme à 3GPP2 C.S0050-0 V1.0
MajorBrand	3GPP2 Media (.3G2) compliant with 3GPP2 C.S0050-A V1.0.0	3GPP2 Media (.3G2) conforme à 3GPP2 C.S0050-A V1.0.0
MajorBrand	3GPP2 Media (.3G2) compliant with 3GPP2 C.S0050-B v1.0	3GPP2 Media (.3G2) conforme à 3GPP2 C.S0050-B v1.0
MajorBrand	AV1 Image File Format (.AVIF)	Format de fichier d'image AV1 (.AVIF)
MajorBrand	Apple iTunes AAC-LC (.M4B) Audio Book	Apple iTunes AAC-LC (.M4B) Livre Audio
MajorBrand	Apple iTunes AAC-LC (.M4P) AES Protected Audio	Apple iTunes AAC-LC (.M4P) Audio protégée par AES
MajorBrand	Apple iTunes Video (.M4V) Video	Apple iTunes Video (.M4V) Vidéo
MajorBrand	Audible Enhanced Audiobook (.AAX)	Livre audio enrichi Audible (.AAX)
MajorBrand	Audio Book for Adobe Flash Player 9+ (.F4B)	Livre audio pour Adobe Flash Player 9+ (.F4B)
MajorBrand	Audio for Adobe Flash Player 9+ (.F4A)	Audio pour Adobe Flash Player 9+ (.F4A)
MajorBrand	Canon Digital Camera	Appareil photo numérique Canon
MajorBrand	Casio Digital Camera	Appareil photo numérique Casio
MajorBrand	DMB MAF aud w/ HE-AAC v2 aud, MOT slides, DLS, JPG/PNG/MNG images	DMB MAF aud avec HE-AAC v2 aud, diapositives MOT, DLS, images JPG/PNG/MNG
MajorBrand	DMB MAF aud with HE-AAC aud, JPG/PNG/MNG images	DMB MAF aud avec HE-AAC aud, images JPG/PNG/MNG
MajorBrand	DMB MAF audio with ER-BSAC audio, JPG/PNG/MNG images	DMB MAF audio avec ER-BSAC audio, images JPG/PNG/MNG
MajorBrand	DMB MAF supporting all the components defined in the specification	DMB MAF prenant en charge tous les composants définis dans la spécification
MajorBrand	DMB MAF vid w/ AVC vid, ER-BSAC aud, BIFS, JPG/PNG/MNG images, TS	DMB MAF vid avec vid AVC, ER-BSAC aud, BIFS, images JPG/PNG/MNG, TS
MajorBrand	DMB MAF vid w/ AVC vid, HE-AAC aud, BIFS, JPG/PNG/MNG images, TS	DMB MAF vid avec vid AVC, HE-AAC aud, BIFS, images JPG/PNG/MNG, TS
MajorBrand	DMB MAF vid w/ AVC vid, HE-AAC v2 aud, BIFS, JPG/PNG/MNG images, TS	DMB MAF vid avec vid AVC, HE-AAC v2 aud, BIFS, images JPG/PNG/MNG, TS
MajorBrand	DMB MAF w/ MPEG Layer II aud, MOT slides, DLS, JPG/PNG/MNG images	DMB MAF avec couche MPEG II aud, diapositives MOT, DLS, images JPG/PNG/MNG
MajorBrand	DMB MAF, extending DA0A, with 3GPP timed text, DID, TVA, REL, IPMP	DMB MAF, extension de dA0A, avec texte minuté 3GPP, DID, TVA, REL, IPMP
MajorBrand	DMB MAF, extending da1a, with 3GPP timed text, DID, TVA, REL, IPMP	DMB MAF, extension de da1a, avec texte minuté 3GPP, DID, TVA, REL, IPMP
MajorBrand	DMB MAF, extending da2a, with 3GPP timed text, DID, TVA, REL, IPMP	DMB MAF, extension de da2a, avec texte minuté 3GPP, DID, TVA, REL, IPMP
MajorBrand	DMB MAF, extending da3a w/ BIFS, 3GPP timed text, DID, TVA, REL, IPMP	DMB MAF, extension de da3a, avec BIFS, texte minuté 3GPP, DID, TVA, REL, IPMP
MajorBrand	DMB MAF, extending dv1a, with 3GPP timed text, DID, TVA, REL, IPMP	DMB MAF, extension de dv1a, avec texte minuté 3GPP, DID, TVA, REL, IPMP
MajorBrand	DMB MAF, extending dv2a, with 3GPP timed text, DID, TVA, REL, IPMP	DMB MAF, extension de dv2a, avec texte minuté 3GPP, DID, TVA, REL, IPMP
MajorBrand	DMB MAF, extending dv3a, with 3GPP timed text, DID, TVA, REL, IPMP	DMB MAF, extension de dv3a, avec texte minuté 3GPP, DID, TVA, REL, IPMP
MajorBrand	DVB (.DVB) over MPEG-2 Transport Stream	DVB (.DVB) sur flux de transport MPEG-2
MajorBrand	DVB (.DVB) over RTP	DVB (.DVB) sur RTP
MajorBrand	Digital Media Project	Projet média numérique
MajorBrand	Dirac (wavelet compression), encapsulated in ISO base media (MP4)	Dirac (compression en ondelettes), encapsulé en base ISO (MP4)
MajorBrand	H.264/MPEG-4 AVC (.MP4) Nero Cinema Profile	H.264/MPEG-4 AVC (.MP4) Profil cinéma Nero
MajorBrand	H.264/MPEG-4 AVC (.MP4) Nero HDTV Profile	H.264/MPEG-4 AVC (.MP4) Profil HDTV Nero
MajorBrand	H.264/MPEG-4 AVC (.MP4) Nero Mobile Profile	H.264/MPEG-4 AVC (.MP4) Profil mobile Nero
MajorBrand	H.264/MPEG-4 AVC (.MP4) Nero Portable Profile	H.264/MPEG-4 AVC (.MP4) Profil portable Nero
MajorBrand	H.264/MPEG-4 AVC (.MP4) Nero Standard Profile	H.264/MPEG-4 AVC (.MP4) Profil standard Nero
MajorBrand	High Efficiency Image Format HEVC sequence (.HEICS)	Sequence HEVC au format High Efficiency Image Format (.HEICS)
MajorBrand	High Efficiency Image Format HEVC still image (.HEIC)	Image fixe HEVC au format High Efficiency Image Format (.HEIC)
MajorBrand	High Efficiency Image Format sequence (.HEIFS)	Séquence au format High Efficiency Image Format (.HEIFS)
MajorBrand	High Efficiency Image Format still image (.HEIF)	Image fixe au format High Efficiency Image Format (.HEIF)
MajorBrand	ISMACryp 2.0 Encrypted File	Fichier crypté ISMACryp 2.0
MajorBrand	JPEG 2000 Compound Image (.JPM)	Image composée JPEG 2000 (.JPM
MajorBrand	JPEG 2000 Compound Image (.JPM) [ISO 15444-6]	Image composée JPEG 2000 (.JPM) [ISO 15444-6]
MajorBrand	JPEG 2000 Image (.JP2)	Image JPEG 2000 Image (.JP2)
MajorBrand	JPEG 2000 Image (.JP2) [ISO 15444-1 ?]	Image JPEG 2000 (.JP2) [ISO 15444-1 ?]
MajorBrand	JPEG 2000 with extensions (.JPX)	Image JPEG 2000 avec extensions (.JPX)
MajorBrand	JPEG 2000 with extensions (.JPX) [ISO 15444-2]	Image JPEG 2000 avec extensions (.JPX) [ISO 15444-2]
MajorBrand	JPEG XL Image (.JXL)	Image JPEG XL (.JXL)
MajorBrand	MP4 Base w/ AVC ext [ISO 14496-12:2005]	Base avec AVC ext [ISO 14496-12:2005]
MajorBrand	MP4 v2 [ISO 14496-14] Nero Digital AAC Audio	MP4 v2 [ISO 14496-14] Audio AAC numérique Nero
MajorBrand	MPEG-4 (.MP4) Nero Cinema Profile	MPEG-4 (.MP4) Profil cinéma Nero
MajorBrand	MPEG-4 (.MP4) Nero HDTV Profile	MPEG-4 (.MP4) Profil HDTV Nero
MajorBrand	MPEG-4 (.MP4) Nero Mobile Profile	MPEG-4 (.MP4) Profil mobile Nero
MajorBrand	MPEG-4 (.MP4) Nero Portable Profile	MPEG-4 (.MP4) Profil portable Nero
MajorBrand	MPEG-4 (.MP4) Nero Standard Profile	MPEG-4 (.MP4) Profil standard Nero
MajorBrand	MPEG-4 (.MP4) for SonyPSP	MPEG-4 (.MP4) pour SonyPSP
MajorBrand	MPEG-4/3GPP Mobile Profile (.MP4/3GP) (for NTT)	MPEG-4/3GPP Profil mobile (.MP4/3GP) (pour NTT)
MajorBrand	Motion JPEG 2000 [ISO 15444-3] General Profile	Motion JPEG 2000 [ISO 15444-3] Profil général
MajorBrand	Motion JPEG 2000 [ISO 15444-3] Simple Profile	Motion JPEG 2000 [ISO 15444-3] Profil simple
MajorBrand	Panasonic Digital Camera	Appareil photo numérique Panasonic
MajorBrand	Photo Player, MAF [ISO/IEC 23000-3]	Lecteur de photos, MAF [ISO/IEC 23000-3]
MajorBrand	Protected Video for Adobe Flash Player 9+ (.F4P)	Vidéo protégée pour Adobe Flash Player 9+ (.F4P)
MajorBrand	Ross Video	Vidéo Ross
MajorBrand	SD Memory Card Video	Carte mémoire SD Vidéo
MajorBrand	Samsung stereoscopic, dual stream	Samsung stéréoscopique, double flux
MajorBrand	Samsung stereoscopic, single stream	Samsung stéréoscopique, flux unique
MajorBrand	Sony / Mobile QuickTime (.MQV) US Patent 7,477,830 (Sony Corp)	Sony / Mobile QuickTime (.MQV) Brevet US 7.477.830 (Sony Corp)
MajorBrand	Unknown, from GPAC samples (prob non-existent)	Inconnu, à partir d'échantillons GPAC (probablement inexistant)
MajorBrand	Video for Adobe Flash Player 9+ (.F4V)	Vidéo pour Adobe Flash Player 9+ (.F4V)
MakerNoteSafety	Safe	Sûre
MakerNoteSafety	Unsafe	Pas sûre
ManualFlashOutput	Full	Totale
ManualFlashOutput	Low	Basse
ManualFlashOutput	Medium	Moyenne
ManualFlashOutput	n/a	Non applicable
ManualFlashStrength	n/a	Non applicable
ManualFlashStrength	n/a (x4)	Non applicable (x4)
ManualFocusPointIllumination	On	Activé
ManualFocusPointIllumination	On During Focus Point Selection Only	Activé uniquement pendant la sélection de la zone de mise au point
ManualTv	Tv=Control/Av=Main	Tv=Contrôle rapide/Av=Principale
ManualTv	Tv=Control/Av=Main w/o lens	Tv=Contrôle rapide/Av=Principale sans objectif
ManualTv	Tv=Main/Av=Control	Tv=Principale/Av=Contrôle rapide
ManualTv	Tv=Main/Av=Main w/o lens	Tv=Principale/Av=Contrôle rapide sans objectif
MeasurementGeometry	0/45 or 45/0	0/45 ou 45/0
MeasurementGeometry	0/d or d/0	0/d ou d/0
MediaType	Normal	Normale
MenuButtonDisplayPosition	Previous	Précédente
MenuButtonDisplayPosition	Previous (top if power off)	Précédente (Haut si dés.)
MenuButtonDisplayPosition	Top	Haut
MenuButtonReturn	Previous	Précédente
MenuButtonReturn	Top	Haut
Metering	Center-weighted	Pondération centrale
Metering	Matrix	Matrice
MeteringMode	8-segment	8 segments
MeteringMode	Average	Moyenne
MeteringMode	Center-weighted average	Moyenne pondérée centrale
MeteringMode	Default	Par défaut
MeteringMode	Evaluative	Évaluative
MeteringMode	Highlight	Mise en lumière
MeteringMode	Multi-segment	Multi-segments
MeteringMode	Multi-spot	Multi-spots
MeteringMode	Other	Autre
MeteringMode	Partial	Partielle
MeteringMode	Pattern+AF	Motif+AF
MeteringMode	Spot+Highlight control	Spot+Mise en lumière contrôlée
MeteringMode	Spot+Shadow control	Spot+Ombre contrôlée
MeteringMode	Unknown	Inconnue
MeteringMode2	Average	Moyenne
MeteringMode2	Center-weighted average	Moyenne pondérée centrale
MeteringMode2	Highlight	Mise en lumière
MeteringMode2	Multi-segment	Multi-segments
MeteringMode2	Spot (Large)	Spot (Grand)
MeteringMode2	Spot (Standard)	Spot (standard)
MeteringMode3	Center-weighted average	Moyenne pondérée centrale
MeteringMode3	Multi-segment	Multi-segments
MeteringOffScaleIndicator	Out of Range	Hors plage de valeurs
MeteringOffScaleIndicator	Under/Over Range	En dessous/au-dessus de la plage de valeurs
MeteringOffScaleIndicator	Within Range	Dans la plage de valeurs
MeteringTime	No Limit	Non limité
MicrophoneAttenuator	Off	Désactivé
MicrophoneAttenuator	On	Activé
MicrophoneFrequencyResponse	Vocal Range	Bande vocale
MicrophoneFrequencyResponse	Wide Range	Bande large
MinoltaQuality	Economy	Économie
MinoltaQuality	Extra fine	Extra Fine
MinoltaQuality	Normal	Normale
MinoltaQuality	Raw	RAW
MirrorLockup	Disable	Désactivé
MirrorLockup	Enable	Activé
MirrorLockup	Enable: Down with Set	Activé: Retour par touche SET
Model	E-PL1s	E-PL1
ModelReleaseStatus	Limited or Incomplete Model Releases	Mise à disposition limitée ou incomplète du modèle
ModelReleaseStatus	None	Aucun
ModelReleaseStatus	Not Applicable	Non applicable
ModelReleaseStatus	Unlimited Model Releases	Mise à disposition non limitée du modèle
ModelingFlash	Off	Désactivé
ModelingFlash	On	Activé
ModifiedPictureStyle	Adobe RGB	Adobe RVB
ModifiedPictureStyle	CM Set 1	CM jeu 1
ModifiedPictureStyle	CM Set 2	CM jeu 2
ModifiedPictureStyle	Faithful	Fidèle
ModifiedPictureStyle	Fine Detail	Détails fins
ModifiedPictureStyle	High Saturation	Saturation élevée
ModifiedPictureStyle	Landscape	Paysage
ModifiedPictureStyle	Low Saturation	Saturation faible
ModifiedPictureStyle	Neutral	Neutre
ModifiedPictureStyle	None	Aucun
ModifiedPictureStyle	User Def. 1	Défini par l'utilisateur 1
ModifiedPictureStyle	User Def. 2	Défini par l'utilisateur 2
ModifiedPictureStyle	User Def. 3	Défini par l'utilisateur 3
ModifiedPictureStyle	n/a	Non applicable
ModifiedSaturation	CM1 (Red Enhance)	CM1 (Amélioration rouge)
ModifiedSaturation	CM2 (Green Enhance)	CM2 (Amélioration verte)
ModifiedSaturation	CM3 (Blue Enhance)	CM3 (Amélioration bleue)
ModifiedSaturation	CM4 (Skin Tones)	CM4 (Tons de la chair)
ModifiedSaturation	Off	Désactivé
ModifiedSharpnessFreq	High	Haut
ModifiedSharpnessFreq	Highest	Plus haut
ModifiedSharpnessFreq	Low	Doux
ModifiedSharpnessFreq	n/a	Non applicable
ModifiedToneCurve	Manual	Manuelle
ModifiedWhiteBalance	Cloudy	Temps nuageux
ModifiedWhiteBalance	Daylight	Lumière du jour
ModifiedWhiteBalance	Daylight Fluorescent	Fluorescente type jour
ModifiedWhiteBalance	Fluorescent	Fluorescente
ModifiedWhiteBalance	Shade	Ombre
ModifiedWhiteBalance	Tungsten	Tungstène (lumière incandescente)
MoireFilter	Off	Désactivé
MoireFilter	On	Activé
MonochromeColor	(none)	(aucune)
MonochromeColor	Blue	Bleue
MonochromeColor	Green	Verte
MonochromeColor	Normal	Normale
MonochromeColor	Purple	Violette
MonochromeColor	Sepia	Sépia
MonochromeFilterEffect	Blue	Bleu
MonochromeFilterEffect	Green	Vert
MonochromeFilterEffect	Infrared	Infrarouge
MonochromeFilterEffect	None	Aucun
MonochromeFilterEffect	Off	Désactivé
MonochromeFilterEffect	Red	Rouge
MonochromeFilterEffect	Yellow	Jaune
MonochromeGrainEffect	High	Haut
MonochromeGrainEffect	Low	Bas
MonochromeGrainEffect	Off	Désactivé
MonochromeLinear	No	Non
MonochromeLinear	Yes	Oui
MonochromeToningEffect	Blue	Bleu
MonochromeToningEffect	Green	Vert
MonochromeToningEffect	None	Aucun
MonochromeToningEffect	Purple	Violet
MonochromeToningEffect	Sepia	Sépia
MovieAF-OnButton	Flash Disable/Enable	Flash désactivé/activé
MovieAF-OnButton	HDR Overlay	Recouvrement HDR
MovieAFAreaMode	HDR Overlay	Recouvrement HDR
MovieAFAreaMode	Single	Simple
MovieAFTrackingSensitivity	1 (High)	1 (Haute)
MovieAFTrackingSensitivity	7 (Low)	7 (Basse)
MovieAutoDistortionControl	Off	Désactivé
MovieAutoDistortionControl	On	Activé
MovieFunc1Button	HDR Overlay	Recouvrement HDR
MovieFunc3Button	HDR Overlay	Recouvrement HDR
MovieMeteringMode	Center	Centre
MovieMeteringMode	Highlight	Mise en lumière
MovieMeteringMode	Matrix	Matrice
MovieMultiSelector	HDR Overlay	Recouvrement HDR
MovieRecordButtonPlaybackMode	HDR Overlay	Recouvrement HDR
MovieSubjectDetection	People	Personnes
MultiExposure	n/a	Non applicable
MultiExposureAutoGain	Off	Désactivé
MultiExposureAutoGain	On	Activé
MultiExposureMode	Off	Désactivé
MultiFrameNREffect	High	Haut
MultiFrameNoiseReduction	None	Aucune
MultiFrameNoiseReduction	Off	Désactivée
MultiFrameNoiseReduction	On	Activé(e)
MultiFrameNoiseReduction	n/a	Non applicable
MultiSelectorPlaybackMode	HDR Overlay	Recouvrement HDR
MultiSelectorShootMode	HDR Overlay	Recouvrement HDR
MultipleExposureSet	Off	Désactivé
MultipleExposureSet	On	Activé
Mute	Off	Désactivé
Mute	On	Activé
MyColorMode	B&W	N&B
MyColorMode	Color Accent	Accentuation de la couleur
MyColorMode	Color Swap	Permutation des couleurs
MyColorMode	Custom	Personnalisé
MyColorMode	Dark Skin Tone	Teint de peau foncé
MyColorMode	Light Skin Tone	Teint de peau clair
MyColorMode	Neutral	Neutre
MyColorMode	Off	Désactivé
MyColorMode	Positive Film	Film positif
MyColorMode	Sepia	Sépia
MyColorMode	Vivid	Éclatant
MyColorMode	Vivid Blue	Bleu éclatant
MyColorMode	Vivid Green	Vert éclatant
MyColorMode	Vivid Red	Rouge éclatant
NDFilter	Off	Désactivé
NDFilter	On	Activé
NDFilter	n/a	Non applicable
NEFBitDepth	n/a (JPEG)	Non applicable (JPEG)
NEFCompression	High Efficiency	Haute efficacité
NEFCompression	High Efficiency*	Haute efficacité*
NEFCompression	Lossless	Sans perte
NEFCompression	Lossy (type 1)	Avec perte (type 1)
NEFCompression	Lossy (type 2)	Avec perte (type 2)
NEFCompression	Small	Petite
NEFCompression	Uncompressed	Non compressé
NEFCompression	Uncompressed (reduced to 12 bit)	Non compressé (réduit à 12 bits)
NikonMeteringMode	Center	Centre
NikonMeteringMode	Highlight	Mise en lumière
NikonMeteringMode	Matrix	Matrice
NoiseFilter	Low	Bas
NoiseFilter	Off	Désactivé
NoiseFilter	n/a	Non applicable
NoiseReduction	(none)	(aucune)
NoiseReduction	+1 (medium strong)	+1 (moyennement forte)
NoiseReduction	+2 (strong)	+2 (forte)
NoiseReduction	+3 (very strong)	+3 (très forte)
NoiseReduction	+4 (strongest)	+4 (la plus forte)
NoiseReduction	-1 (medium weak)	-1 (moyennement faible)
NoiseReduction	-2 (weak)	-2 (faible)
NoiseReduction	-3 (very weak)	-3 (très faible)
NoiseReduction	-4 (weakest)	-4 (la plus faible)
NoiseReduction	0 (normal)	0 (normale)
NoiseReduction	High (+1)	Forte (+1)
NoiseReduction	Highest (+2)	La plus forte (+2)
NoiseReduction	Low	Faible
NoiseReduction	Low (-1)	Faible (-1)
NoiseReduction	Lowest (-2)	La plus faible (-2)
NoiseReduction	Medium	Moyenne
NoiseReduction	Noise Filter	Avec filtre anti-bruit
NoiseReduction	Noise Filter (ISO Boost)	Avec filtre anti-bruit (ISO Boost)
NoiseReduction	Noise Reduction	Avec réduction du bruit
NoiseReduction	Normal	Normale
NoiseReduction	Off	Désactivée
NoiseReduction	On	Activée
NoiseReduction	Standard	±0 (normal)
NoiseReduction	Strong	Forte
NoiseReduction	Weak	Faible
NoiseReduction	n/a	Non applicable
NoiseReduction2	(none)	(aucun)
NoiseReduction2	Noise Filter	Filtre anti-bruit
NoiseReduction2	Noise Filter (ISO Boost)	Filtre anti-bruit (Boost ISO)
NoiseReduction2	Noise Reduction	Réduction du bruit
NoiseReductionMethod	Better Quality	Meilleure qualité
NoiseReductionMethod	Better Quality 2013	Meilleure qualité 2013
NoiseReductionMethod	Faster	Plus rapide
ObjectCycle	Both Morning and Evening	Les deux
ObjectCycle	Evening	Soir
ObjectCycle	Morning	Matin
ObjectFileType	None	Aucune
ObjectFileType	Unknown	Inconnu
OneTouchWB	Off	Désactivé
OneTouchWB	On	Activé
OpticalZoomMode	Extended	Étendu
OpticalZoomMode	Standard	Normal
OpticalZoomOn	Off	Désactivé
OpticalZoomOn	On	Activé
Orientation	Flipped left-right	Retourné de gauche à droite
Orientation	Flipped left-right, then up-down	Retourné de gauche à droite, puis de haut en bas
Orientation	Flipped up-down	Retourné de haut en bas
Orientation	Horizontal	Horizontale
Orientation	Horizontal (normal)	Horizontale (normale)
Orientation	Mirror horizontal	Mise en miroir horizontal
Orientation	Mirror horizontal and rotate 270 CW	Mise en miroir horizontal et rotation antihoraire de 270°
Orientation	Mirror horizontal and rotate 90 CW	Mise en miroir horizontal et rotation antihoraire de 90°
Orientation	Mirror vertical	Mise en miroir vertical
Orientation	Rotate 180	Rotation de 180°
Orientation	Rotate 270 CW	Rotation antihoraire de 270°
Orientation	Rotate 90 CW	Rotation antihoraire de 90°
Orientation	Same as source	Identique à la source
Orientation	Tiled	Carrelée
Orientation	Vertical	Verticale
Orientation2	Horizontal (normal)	Horizontale (normale)
Orientation2	Rotate 180	Rotation de 180°
Orientation2	Rotate 270 CW	Rotation antihoraire de 270°
Orientation2	Rotate 90 CW	Rotation antihoraire de 90°
PanoramaSize3D	Wide	Large
PanoramaSize3D	n/a	Non applicable
PentaxImageSize	2304x1728 or 2592x1944	2304 x 1728 ou 2592 x 1944
PentaxImageSize	2560x1920 or 2304x1728	2560 x 1920 ou 2304 x 1728
PentaxImageSize	2816x2212 or 2816x2112	2816 x 2212 ou 2816 x 2112
PentaxImageSize	3008x2008 or 3040x2024	3008 x 2008 ou 3040 x 2024
PentaxImageSize	Full	Pleine
PeripheralLighting	Off	Désactiver
PeripheralLighting	On	Activer
PhotoEffect	B&W	N&B
PhotoEffect	Custom	Personnalisé
PhotoEffect	My Color Data	Données My Color
PhotoEffect	Neutral	Neutre
PhotoEffect	Off	Désactivé
PhotoEffect	Sepia	Sépia
PhotoEffect	Smooth	Doux
PhotoEffect	Vivid	Éclatant
PhotoEffects	Off	Désactivé
PhotoEffects	On	Activé
PhotoEffectsType	B&W	N&B
PhotoEffectsType	None	Aucune
PhotoEffectsType	Sepia	Sépia
PhotoEffectsType	Tinted	Teinté
PhotoStyle	Natural	Naturel
PhotoStyle	Scenery	Paysage
PhotoStyle	Standard or Custom	Standard ou personnalisé
PhotoStyle	Vivid	Éclatant
PhotometricInterpretation	BlackIsZero	Zéro pour noir
PhotometricInterpretation	Color Filter Array	CFA (Matrice de filtres de couleurs)
PhotometricInterpretation	Pixar LogL	CIE Log2(L) (Log luminance)
PhotometricInterpretation	Pixar LogLuv	CIE Log2(L)(u',v') (Log luminance et chrominance)
PhotometricInterpretation	RGB	RVB
PhotometricInterpretation	RGB Palette	Palette RVB
PhotometricInterpretation	Transparency Mask	Masque de transparence
PhotometricInterpretation	WhiteIsZero	Zéro pour blanc
PictureControl	Off	Désactivé
PictureControl	On	Activé
PictureControlActive	Off	Désactivé
PictureControlActive	On	Activé
PictureControlAdjust	Default Settings	Paramètres par défault
PictureControlAdjust	Full Control	Réglages manuels
PictureControlAdjust	Quick Adjust	Réglages rapides
PictureEffect	HDR Painting	Peinture HDR
PictureEffect	HDR Painting (high)	Peinture HDR (haute)
PictureEffect	HDR Painting (low)	Peinture HDR (basse)
PictureEffect	High Contrast Monochrome	Monochrome à fort contraste
PictureEffect	Illustration (high)	Illustration (haute)
PictureEffect	Illustration (low)	Illustration (basse)
PictureEffect	Miniature (bottom)	Miniature (en bas)
PictureEffect	Miniature (left)	Miniature (à gauche)
PictureEffect	Miniature (middle horizontal)	Miniature (milieu horizontal)
PictureEffect	Miniature (middle vertical)	Miniature (milieu vertical)
PictureEffect	Miniature (right)	Miniature (à droite)
PictureEffect	Miniature (top)	Miniature (en haut)
PictureEffect	None	Aucun
PictureEffect	Off	Désactivé
PictureEffect	Partial Color (blue)	Couleur partielle (bleue)
PictureEffect	Partial Color (green)	Couleur partielle (verte)
PictureEffect	Partial Color (red)	Couleur partielle (rouge)
PictureEffect	Partial Color (yellow)	Couleur partielle (jaune)
PictureEffect	Pop Color	Couleur pop
PictureEffect	Posterization	Postérisation
PictureEffect	Posterization B/W	Postérisation N&B
PictureEffect	Retro Photo	Photo rétro
PictureEffect	Rich-tone Monochrome	Monochrome riche en tonalités
PictureEffect	Soft Focus	Flou artistique
PictureEffect	Soft Focus (high)	Flou artistique (élevé)
PictureEffect	Soft Focus (low)	Flou artistique (faible)
PictureEffect	Soft High Key	Tons clairs logiciel
PictureEffect	Toy Camera	Caméra jouet
PictureEffect	Toy Camera (cool)	Caméra jouet (frais)
PictureEffect	Toy Camera (green)	Caméra jouet (vert)
PictureEffect	Toy Camera (magenta)	Caméra jouet (magenta)
PictureEffect	Toy Camera (normal)	Caméra jouet (normal)
PictureEffect	Toy Camera (warm)	Caméra jouet (chaud)
PictureEffect	Water Color	Couleur de l'eau
PictureEffect	Water Color 2	Couleur de l'eau 2
PictureEffect2	HDR Painting	Peinture HDR
PictureEffect2	High Contrast Monochrome	Monochrome à fort contraste
PictureEffect2	Off	Désactivé
PictureEffect2	Partial Color	Couleur partielle
PictureEffect2	Pop Color	Couleur pop
PictureEffect2	Posterization	Postérisation
PictureEffect2	Retro Photo	Photo rétro
PictureEffect2	Rich-tone Monochrome	Monochrome riche en tonalités
PictureEffect2	Soft Focus	Flou artistique
PictureEffect2	Soft High Key	Tons clairs logiciel
PictureEffect2	Toy Camera	Caméra jouet
PictureEffect2	Water Color	Couleur de l'eau
PictureFinish	Adobe RGB	Adobe RVB
PictureFinish	Adobe RGB (ICC)	Adobe RVB (ICC)
PictureFinish	Evening Scene	Scène du soir
PictureFinish	Natural	Naturel
PictureFinish	Natural+	Naturel+
PictureFinish	Night Scene	Nocturne
PictureFinish	Wind Scene	Scène venteuse
PictureMode	1/2 EV steps	Pas de 1/2 IL
PictureMode	1/3 EV steps	Pas de 1/3 IL
PictureMode	Anti-blur	Anti-flou
PictureMode	Aperture Priority	Priorité à l'ouverture
PictureMode	Aperture Priority, Off-Auto-Aperture	Priorité à l'ouverture (auto-diaph hors service)
PictureMode	Aperture-priority AE	Priorité à l'ouverture AE
PictureMode	Auto PICT (Landscape)	Image Auto (Paysage)
PictureMode	Auto PICT (Macro)	Image Auto (Macro)
PictureMode	Auto PICT (Portrait)	Image Auto (Portrait)
PictureMode	Auto PICT (Sport)	Auto PICT (sport)
PictureMode	Auto PICT (Standard)	Image Auto (Standard)
PictureMode	Autumn	Automne
PictureMode	Blur Reduction	Réduction du flou
PictureMode	Bulb	Pose B
PictureMode	Bulb, Off-Auto-Aperture	Pose B (auto-diaph hors service)
PictureMode	Candlelight	Bougie
PictureMode	DOF Program	Programme PdC
PictureMode	DOF Program (HyP)	Programme PdC (Hyper-programme)
PictureMode	Dark Pet	Animal foncé
PictureMode	Digital Filter	Filtre numérique
PictureMode	Fireworks	Feux d'artifice
PictureMode	Flash X-Sync Speed AE	Synchro X flash vitesse AE
PictureMode	Food	Nourriture
PictureMode	Frame Composite	Vue composite
PictureMode	Green Mode	Mode vert
PictureMode	Half-length Portrait	Portrait (buste)
PictureMode	Hi-speed Program	Programme grande vitesse
PictureMode	Hi-speed Program (HyP)	Programme grande vitesse (Hyper-programme)
PictureMode	Kids	Enfants
PictureMode	Landscape	Paysage
PictureMode	Light Pet	Animal clair
PictureMode	MTF Program	Programme FTM
PictureMode	MTF Program (HyP)	Programme FTM (Hyper-programme)
PictureMode	Manual	Manuel
PictureMode	Manual, Off-Auto-Aperture	Manuel (auto-diaph hors service)
PictureMode	Medium Pet	Animal demi-teintes
PictureMode	Museum	Musée
PictureMode	Natural	Naturel
PictureMode	Natural Light	Lumière naturelle
PictureMode	Natural Light & Flash	Lumière naturelle & Flash
PictureMode	Natural Skin Tone	Ton chair naturel
PictureMode	Night Scene	Scène nocturne
PictureMode	Night Scene HDR	Scène nocturne HDR
PictureMode	Night Scene Portrait	Scène portrait nocturne
PictureMode	No Flash	Sans flash
PictureMode	Pet	Animaux de compagnie
PictureMode	Program	Programme
PictureMode	Program (HyP)	Programme AE (Hyper-programme)
PictureMode	Program AE	Priorité vitesse
PictureMode	Program Av Shift	Décalage programme Av
PictureMode	Program Tv Shift	Décalage programme Tv
PictureMode	Purple	Violet
PictureMode	Self Portrait	Autoportrait
PictureMode	Sensitivity Priority AE	Priorité sensibilité AE
PictureMode	Sepia	Sépia
PictureMode	Shutter & Aperture Priority AE	Priorité à l'obturateur et à l'ouverture AE
PictureMode	Shutter Speed Priority	Priorité vitesse
PictureMode	Shutter speed priority AE	Priorité vitesse
PictureMode	Snow	Neige
PictureMode	Soft	Doux
PictureMode	Sunset	Coucher de soleil
PictureMode	Surf & Snow	Surf et neige
PictureMode	Synchro Sound Record	Enregistrement de son synchro
PictureMode	Text	Texte
PictureMode	Underwater	Sous-marine
PictureMode	Vivid	Éclatant
PictureMode2	Aperture Priority	Priorité à l'ouverture
PictureMode2	Aperture Priority, Off-Auto-Aperture	Priorité ouverture (auto-diaph hors service)
PictureMode2	Auto PICT	Image auto
PictureMode2	Bulb	Pose B
PictureMode2	Bulb, Off-Auto-Aperture	Pose B (auto-diaph hors service)
PictureMode2	Flash X-Sync Speed AE	Expo auto, vitesse de synchro flash X
PictureMode2	Green Mode	Mode vert
PictureMode2	Manual	Manuelle
PictureMode2	Manual, Off-Auto-Aperture	Manuel (auto-diaph hors service)
PictureMode2	Program AE	Programme AE
PictureMode2	Program Av Shift	Décalage programme Av
PictureMode2	Program Tv Shift	Décalage programme Tv
PictureMode2	Scene Mode	Mode scène
PictureMode2	Sensitivity Priority AE	Expo auto, priorité sensibilité
PictureMode2	Shutter & Aperture Priority AE	Expo auto, priorité vitesse et ouverture
PictureMode2	Shutter Speed Priority	Priorité vitesse
PictureModeBWFilter	Green	Vert
PictureModeBWFilter	Neutral	Neutre
PictureModeBWFilter	Red	Rouge
PictureModeBWFilter	Yellow	Jaune
PictureModeBWFilter	n/a	Non applicable
PictureModeEffect	n/a	Non applicable
PictureModeTone	Blue	Bleu
PictureModeTone	Green	Vert
PictureModeTone	Neutral	Neutre
PictureModeTone	Purple	Violet
PictureModeTone	Sepia	Sépia
PictureModeTone	n/a	Non applicable
PictureProfile	Gamma Cine1 (PP5)	Gamma Ciné1 (PP5)
PictureProfile	Gamma Cine2 (PP6)	Gamma Ciné1 (PP6)
PictureProfile	Gamma Cine3	Gamma Ciné3
PictureProfile	Gamma Cine4	Gamma Ciné4
PictureProfile	Gamma ITU709 (PP3 or PP4)	Gamma ITU709 (PP3 ou PP4)
PictureProfile	Gamma Movie (PP1)	Gamma Vidéo (PP1)
PictureProfile	Gamma S-Log3 (PP8 or PP9)	Gamma S-Log3 (PP8 ou PP9)
PictureProfile	Gamma Still - B&W/Sepia	Gamma fixe - N&B/Sépia
PictureProfile	Gamma Still - Clear	Gamma fixe - Clair
PictureProfile	Gamma Still - Deep	Gamma fixe - Profond
PictureProfile	Gamma Still - Light	Gamma fixe - Lumière
PictureProfile	Gamma Still - Night View/Portrait	Gamma fixe - Vue/Portrait nocturne
PictureProfile	Gamma Still - Portrait	Gamma fixe - Portrait
PictureProfile	Gamma Still - Real	Gamma fixe - Réel
PictureProfile	Gamma Still - Standard/Neutral (PP2)	Gamma fixe - Standard/Neutre (PP2)
PictureProfile	Gamma Still - Vivid	Gamma fixe - Éclatant
PictureStyle	Adobe RGB	Adobe RVB
PictureStyle	CM Set 1	CM jeu 1
PictureStyle	CM Set 2	CM jeu 2
PictureStyle	Custom	Personnalisé
PictureStyle	Faithful	Fidèle
PictureStyle	Fine Detail	Détails fins
PictureStyle	High Saturation	Saturation élevée
PictureStyle	Landscape	Paysage
PictureStyle	Low Saturation	Saturation faible
PictureStyle	Neutral	Neutre
PictureStyle	None	Aucun
PictureStyle	Shot Settings	Paramétrage prise de vue
PictureStyle	Unknown?	Inconnu ?
PictureStyle	User Def. 1	Défini par l'utilisateur 1
PictureStyle	User Def. 2	Défini par l'utilisateur 2
PictureStyle	User Def. 3	Défini par l'utilisateur 3
PictureStyle	n/a	Non applicable
PictureStylePC	Adobe RGB	Adobe RVB
PictureStylePC	CM Set 1	CM jeu 1
PictureStylePC	CM Set 2	CM jeu 2
PictureStylePC	Faithful	Fidèle
PictureStylePC	Fine Detail	Détails fins
PictureStylePC	High Saturation	Saturation élevée
PictureStylePC	Landscape	Paysage
PictureStylePC	Low Saturation	Saturation faible
PictureStylePC	Neutral	Neutre
PictureStylePC	None	Aucun
PictureStylePC	User Def. 1	Défini par l'utilisateur 1
PictureStylePC	User Def. 2	Défini par l'utilisateur 2
PictureStylePC	User Def. 3	Défini par l'utilisateur 3
PictureStylePC	n/a	Non applicable
PictureStyleUserDef	Adobe RGB	Adobe RVB
PictureStyleUserDef	CM Set 1	CM jeu 1
PictureStyleUserDef	CM Set 2	CM jeu 2
PictureStyleUserDef	Faithful	Fidèle
PictureStyleUserDef	Fine Detail	Détails fins
PictureStyleUserDef	High Saturation	Saturation élevée
PictureStyleUserDef	Landscape	Paysage
PictureStyleUserDef	Low Saturation	Saturation faible
PictureStyleUserDef	Neutral	Neutre
PictureStyleUserDef	None	Aucun
PictureStyleUserDef	User Def. 1	Défini par l'utilisateur 1
PictureStyleUserDef	User Def. 2	Défini par l'utilisateur 2
PictureStyleUserDef	User Def. 3	Défini par l'utilisateur 3
PictureStyleUserDef	n/a	Non applicable
PictureWizardMode	Landscape	Paysage
PictureWizardMode	Vivid	Éclatant
PictureWizardMode	n/a	Non applicable
Pitch	High	Élevé
Pitch	Low	Faible
PixelShiftInfo	n/a	Non applicable
PixelUnits	Unknown	Inconnu
PlanarConfiguration	Chunky	Format Chunky (composants entrelacés)
PlanarConfiguration	Planar	Format Planaire (composants séparés)
PowerSource	Body Battery	Accu boîtier
PowerSource	External Power Supply	Alimentation externe
PowerSource	Grip Battery	Accu poignée
Predictor	Horizontal differencing	Différentiation horizontale
Predictor	None	Aucun schéma de prédicteur utilisé avant l'encodage
PreviewButton	Active D-Lighting	D-Lighting actif
PreviewButtonPlusDials	Active D-Lighting	D-Lighting actif
PreviewColorSpace	Adobe RGB	Adobe RVB
PreviewColorSpace	Gray Gamma 2.2	Gamma gris 2.2
PreviewColorSpace	ProPhoto RGB	Photo Pro Adobe RVB
PreviewColorSpace	Unknown	Inconnu
PreviewColorSpace	sRGB	sRVB
PreviewImageValid	No	Non
PreviewImageValid	Yes	Oui
PreviewQuality	CRAW	cRAW
PreviewQuality	Economy	Économie
PreviewQuality	Light (RAW)	Légère (RAW)
PreviewQuality	Normal	Normale
PreviewQuality	Superfine	Super fine
PreviewQuality	n/a	Non applicable
PrimaryAFPoint	(none)	(aucun)
PrimaryAFPoint	Bottom	En bas
PrimaryAFPoint	C6 (Center)	C6 (Centre)
PrimaryAFPoint	Center	Au centre
PrimaryAFPoint	D8 (Center)	D8 (Centre)
PrimaryAFPoint	E8 (Center)	E8 (Centre)
PrimaryAFPoint	E9 (Center)	E9 (Centre)
PrimaryAFPoint	F11 (Center)	F11 (Centre)
PrimaryAFPoint	F8 (Center)	F8 (Centre)
PrimaryAFPoint	Far Left	À l'extrême gauche
PrimaryAFPoint	Far Right	À l'extrême droite
PrimaryAFPoint	Lower-left	En bas à gauche
PrimaryAFPoint	Lower-right	En bas à droite
PrimaryAFPoint	Mid-left	Au milieu à gauche
PrimaryAFPoint	Mid-right	Au milieu à droite
PrimaryAFPoint	Top	En haut
PrimaryAFPoint	Upper-left	En haut à gauche
PrimaryAFPoint	Upper-right	En haut à droite
PrintStyle	Centered	Centré
PrintStyle	Size to Fit	Adapter à la taille
PrintStyle	User Defined	Défini par l'utilisateur
PrioritySetInAWB	Ambience	Ambiance
PrioritySetInAWB	White	Blanc
PrioritySetupShutterRelease	AF	Mise au point automatique
ProfileCMMType	Jetsoft Development	Etsoft Development
ProfileCMMType	Modgraph, Inc.	Odgraph, Inc.
ProfileCMMType	Philips Consumer Electronics Co.	Hilips Consumer Electronics Co.
ProfileCMMType	none	Aucun
ProfileClass	Abstract Profile	Profil de résumé
ProfileClass	ColorSpace Conversion Profile	Profil de conversion d'espace de couleur
ProfileClass	DeviceLink Profile	Profil de liaison
ProfileClass	Display Device Profile	Profil d'appareil d'affichage
ProfileClass	Input Device Profile	Profil d'appareil d'entrée
ProfileClass	NamedColor Profile	Profil de couleur nommée
ProfileClass	Nikon Input Device Profile (NON-STANDARD!)	Profil Nikon ("nkpf")
ProfileClass	Output Device Profile	Profil d'appareil de sortie
ProfileEmbedPolicy	Allow Copying	Permet la copie
ProfileEmbedPolicy	Embed if Used	Inclus si utilisé
ProfileEmbedPolicy	Never Embed	Jamais inclus
ProfileEmbedPolicy	No Restrictions	Pas de restriction
ProfileLookTableEncoding	Linear	Linéaire
ProfileType	Group 3 FAX	Fax Group 3
ProfileType	Unspecified	Non spécifié
ProgramISO	Intelligent ISO	ISO Intelligent
ProgramISO	n/a	Non applicable
ProgramLine	Depth	Priorité profondeur de champ
ProgramLine	Hi Speed	Priorité grande vitesse
ProgramLine	MTF	Priorité FTM
ProgramLine	Normal	Normale
ProgramMode	None	Aucune
ProgramMode	Sunset	Coucher de soleil
ProgramMode	Text	Texte
Quality	2 (Telephone)	2 (Téléphone)
Quality	3 (Thumb)	3 (Pouce)
Quality	6 (Xtreme)	6 (Extrême)
Quality	7 (Insane)	7 (Folle)
Quality	8 (BrainDead)	8 (Mort cérébrale)
Quality	Basic	Basique
Quality	Best	Meilleure
Quality	Better	Mieux
Quality	CRAW	cRAW
Quality	Compressed RAW	RAW compressé
Quality	Compressed RAW + JPEG	RAW compressé + JPEG
Quality	Dynamic Pixel Shift	Décalage dynamique des pixels
Quality	Economy	Économie
Quality	Extra Fine	Extra fine
Quality	Good	Bonne
Quality	High	Haute
Quality	Light	Légère
Quality	Light (RAW)	Légère (RAW)
Quality	Low	Basse
Quality	Medium	Moyenne
Quality	Normal	Normale
Quality	RAW (pixel shift enabled)	RAW (décalage des pixels activé)
Quality	RAW + JPEG	RAW+JPEG
Quality	RAW + Light	RAW + Légère
Quality	Superfine	Super fine
Quality	Unstable/Experimental	Instable/Expérimental
Quality	n/a	Non applicable
QualityButton	HDR Overlay	Recouvrement HDR
QualityButtonPlaybackMode	HDR Overlay	Recouvrement HDR
QualityMode	Economy	Économie
QualityMode	Fine	Haute
QualityMode	Normal	Normale
QuantizationMethod	Color Space Specific	Spécifique à l'espace de couleur
QuantizationMethod	Compression Method Specific	Spécifique à la méthode de compression
QuantizationMethod	Gamma Compensated	Compensée gamma
QuantizationMethod	IPTC Ref B	IPTC réf "B"
QuantizationMethod	Linear Density	Densité linéaire
QuantizationMethod	Linear Dot Percent	Pourcentage de point linéaire
QuantizationMethod	Linear Reflectance/Transmittance	Réflectance/transmittance linéaire
QuickControlDialInMeter	AF point selection	Sélection collimateur AF
QuickControlDialInMeter	Exposure comp/Aperture	Correction exposition/ouverture
QuickControlDialInMeter	ISO speed	Sensibilité ISO
QuickShot	Off	Désactivé
QuickShot	On	Activé
QuietShutterShootingSpeed	Single	Simple
RAWFileType	Compressed RAW	RAW compressé
RAWFileType	Lossless Compressed RAW	RAW compressé sans perte
RAWFileType	Uncompressed RAW	RAW non compressé
RAWFileType	n/a	Non applicable
RFLensType	n/a	Non applicable
Rating	Clean	Propre
Rating	Explicit	Explicite
Rating	Explicit (old)	Explicite (ancien)
Rating	none	aucun
RawAndJpgRecording	JPEG (Best)	JPEG (le meilleur)
RawAndJpgRecording	JPEG (Better)	JPEG (meilleur)
RawAndJpgRecording	JPEG (Good)	JPEG (bon)
RawAndJpgRecording	RAW (DNG, Best)	RAW (DNG, le meilleur)
RawAndJpgRecording	RAW (DNG, Better)	RAW (DNG, meilleur)
RawAndJpgRecording	RAW (DNG, Good)	RAW (DNG, bon)
RawAndJpgRecording	RAW (PEF, Best)	RAW (PEF, le meilleur)
RawAndJpgRecording	RAW (PEF, Better)	RAW (PEF, meilleur)
RawAndJpgRecording	RAW (PEF, Good)	RAW (PEF, bon)
RawAndJpgRecording	RAW+JPEG (DNG, Best)	RAW+JPEG (DNG, le meilleur)
RawAndJpgRecording	RAW+JPEG (DNG, Better)	RAW+JPEG (DNG, meilleur)
RawAndJpgRecording	RAW+JPEG (DNG, Good)	RAW+JPEG (DNG, bon)
RawAndJpgRecording	RAW+JPEG (PEF, Best)	RAW+JPEG (PEF, le meilleur)
RawAndJpgRecording	RAW+JPEG (PEF, Better)	RAW+JPEG (PEF, meilleur)
RawAndJpgRecording	RAW+JPEG (PEF, Good)	RAW+JPEG (PEF, bon)
RawAndJpgRecording	RAW+Large/Fine	RAW+grande/fine
RawAndJpgRecording	RAW+Large/Normal	RAW+grande/normale
RawAndJpgRecording	RAW+Medium/Fine	RAW+moyenne/fine
RawAndJpgRecording	RAW+Medium/Normal	RAW+moyenne/normale
RawAndJpgRecording	RAW+Small/Fine	RAW+petite/fine
RawAndJpgRecording	RAW+Small/Normal	RAW+petite/normale
RawColorAdj	Shot Settings	Paramétrage prise de vue
RawDevArtFilter	Cross Process	Traitement croisé
RawDevArtFilter	Cross Process II	Traitement croisé II
RawDevArtFilter	Partial Color	Couleur partielle
RawDevArtFilter	Partial Color II	Couleur partielle II
RawDevArtFilter	Partial Color III	Couleur partielle III
RawDevArtFilter	Soft Focus	Flou artistique
RawDevArtFilter	Soft Focus 2	Flou artistique 2
RawDevAutoGradation	Off	Désactivé
RawDevAutoGradation	On	Activé
RawDevColorSpace	Adobe RGB	Adobe RVB
RawDevColorSpace	Pro Photo RGB	Photo Pro Adobe RVB
RawDevColorSpace	sRGB	sRVB
RawDevEditStatus	Edited (Landscape)	Édité (Paysage)
RawDevEditStatus	Edited (Portrait)	Édité (Portrait)
RawDevEngine	Advanced High Function	Haute fonctionnalité avancée
RawDevEngine	Advanced High Speed	Grande vitesse avancée
RawDevEngine	High Function	Haute fonctionnalité
RawDevEngine	High Speed	Grande vitesse
RawDevNoiseReduction	(none)	(aucun)
RawDevNoiseReduction	Noise Filter	Filtre anti-bruit
RawDevNoiseReduction	Noise Filter (ISO Boost)	Filtre anti-bruit (Boost ISO)
RawDevNoiseReduction	Noise Reduction	Réduction du bruit
RawDevPMPictureTone	Blue	Bleu
RawDevPMPictureTone	Green	Vert
RawDevPMPictureTone	Neutral	Neutre
RawDevPMPictureTone	Purple	Violet
RawDevPMPictureTone	Sepia	Sépia
RawDevPM_BWFilter	Green	Vert
RawDevPM_BWFilter	Neutral	Neutre
RawDevPM_BWFilter	Red	Rouge
RawDevPM_BWFilter	Yellow	Jaune
RawDevPictureMode	Natural	Naturel
RawDevPictureMode	Sepia	Sépia
RawDevPictureMode	Vivid	Éclatant
RawDevSettings	(none)	(aucun)
RawDevSettings	Color Space	Espace couleur
RawDevSettings	Contrast	Contraste
RawDevSettings	High Function	Haute fonction
RawDevSettings	Noise Reduction	Réduction du bruit
RawDevSettings	Sharpness	Netteté
RawDevSettings	WB Color Temp	Balance des blancs Température de couleur
RawDevSettings	WB Gray Point	Balance des blancs Point gris
RawDevWhiteBalance	Color Temperature	Température de couleur
RawDevWhiteBalance	Gray Point	Point gris
RawJpgQuality	CRAW	cRAW
RawJpgQuality	Economy	Économie
RawJpgQuality	Light (RAW)	Légère (RAW)
RawJpgQuality	Normal	Normale
RawJpgQuality	Superfine	Super fine
RawJpgQuality	n/a	Non applicable
RawJpgSize	1280x720 Movie	Vidéo 1280x720
RawJpgSize	1920x1080 Movie	Vidéo 1920 x1080
RawJpgSize	4096x2160 Movie	Vidéo 4096x2160
RawJpgSize	640x480 Movie	Vidéo 640x480
RawJpgSize	Large	Grande
RawJpgSize	Medium	Moyenne
RawJpgSize	Medium 1	Moyenne 1
RawJpgSize	Medium 2	Moyenne 2
RawJpgSize	Medium 3	Moyenne 3
RawJpgSize	Medium Movie	Vidéo moyenne
RawJpgSize	Medium Widescreen	Écran large moyen
RawJpgSize	Postcard	Carte postale
RawJpgSize	Small	Petite
RawJpgSize	Small 1	Petite 1
RawJpgSize	Small 2	Petite 2
RawJpgSize	Small 3	Petite 3
RawJpgSize	Small Movie	Petite vidéo
RawJpgSize	Widescreen	Écran large
RawJpgSize	n/a	Non applicable
RecordMode	Aperture Priority	Priorité à l'ouverture
RecordMode	Best Shot	Meilleure prise de vue
RecordMode	Manual	Manuel
RecordMode	Movie	Vidéo
RecordMode	Movie (19)	Vidéo (19)
RecordMode	Program AE	Programme d'exposition automatique
RecordMode	Shutter Priority	Priorité à l'obturateur
RecordMode	YouTube Movie	Vidéo YouTube
RecordingMode	Landscape	Paysage
RecordingMode	Manual	Manuelle
RecordingMode	Night Scene	Nocturne
RedEyeCorrection	Automatic	Automatique
RedEyeCorrection	Click on Eyes	Clic sur les yeux
RedEyeCorrection	Off	Désactivé
RedEyeReduction	Off	Désactivé
RedEyeReduction	On	Activé
RegionFocusUsage	Evaluated, Not Used	Évaluée, non utilisée
RegionFocusUsage	Evaluated, Used	Évaluée, utilisée
RegionFocusUsage	Not Evaluated, Not Used	Non évaluée, non utilisée
RegionType	BarCode	Code-barres
RegionType	Face	Visage
RegionType	Pet	Animal de compagnie
ReleaseButtonToUseDial	No	Non
ReleaseButtonToUseDial	Yes	Oui
ReleaseMode	AE Bracketing	Bracketing AE
ReleaseMode	Continuous	Continu
ReleaseMode	Continuous High Speed	Haute vitesse continue
ReleaseMode	Continuous Low Speed	Vitesse lente continue
ReleaseMode	Contrast Bracketing	Bracketing de contraste
ReleaseMode	DRO Bracketing	Bracketing DRO
ReleaseMode	Exposure Bracketing	Bracketing d'exposition
ReleaseMode	High Speed Burst	Rafale haute vitesse
ReleaseMode	Mirror-Up	Miroir en haut
ReleaseMode	Quiet	Silencieux
ReleaseMode	Single Frame	Vue par vue
ReleaseMode	Timer	Minuterie
ReleaseMode	WB Bracketing	Bracketing de balance des blancs
ReleaseMode	White Balance Bracketing	Bracketing de balance des blancs
ReleaseMode	n/a	Non applicable
ReleaseMode2	Continuous	Continu
ReleaseMode2	Continuous - 3D Image	Continu - Image 3D
ReleaseMode2	Continuous - 3D Sweep Panorama	Continu - Panorama 3D par balayage
ReleaseMode2	Continuous - Anti-Motion Blur, Hand-held Twilight	Continu - Flou anti-mouvement, crépuscule à main levée
ReleaseMode2	Continuous - Background defocus	Continu - Défocalisation de l'arrière-plan
ReleaseMode2	Continuous - Burst	Continu - Rafale
ReleaseMode2	Continuous - Burst 2	Continu - Rafale 2
ReleaseMode2	Continuous - Exposure Bracketing	Continu - Bracketing d'exposition
ReleaseMode2	Continuous - HDR	Continu - HDR
ReleaseMode2	Continuous - High Resolution Sweep Panorama	Continu - Panorama par balayage haute résolution
ReleaseMode2	Continuous - High Sensitivity	Continu - Haute Sensibilité
ReleaseMode2	Continuous - Multi Frame NR	Continu - RB multi-photos
ReleaseMode2	Continuous - Speed/Advance Priority	Continu - Priorité vitesse/avance
ReleaseMode2	Continuous - Sweep Panorama	Continu - Panorama par balayage
ReleaseMode2	Continuous - Tele-zoom Advance Priority	Continu - Télé-zoom Priorité à l'avance
ReleaseMode2	Continuous Low	Continu - Bas
ReleaseMode2	DRO or White Balance Bracketing	Bracketing DRO ou balance des blancs
ReleaseMode2	Single Frame - Capture During Movie	Image unique - Capture pendant la vidéo
ReleaseMode2	Single Frame - Movie Capture	Image unique - Capture vidéo
ReleaseMode2	Single-frame - Exposure Bracketing	Image unique - Bracketing d'exposition
ReleaseMode2	Smile Shutter	Obturateur sur sourire
ReleaseMode3	Continuous	Continu
ReleaseMode3	Continuous - Burst	Continu - Rafale
ReleaseMode3	Continuous - Speed/Advance Priority	Continu - Priorité vitesse/avance
ReleaseMode3	Normal - Self-timer	Normal - Retardateur
ReleaseMode3	Single Burst Shooting	Prise de vue en rafale
RenderingIntent	ICC-Absolute Colorimetric	Colorimétrique absolu
RenderingIntent	Media-Relative Colorimetric	Colorimétrique relatif
RenderingIntent	Perceptual	Perceptif
ResampleParamsQuality	Low	Bas
Resaved	No	Non
Resaved	Yes	Oui
ResolutionUnit	None	Aucune
ResolutionUnit	cm	Pixels/cm
ResolutionUnit	inches	pouce
RetouchHistory	Cross Process (blue)	Traitement croisé (bleu)
RetouchHistory	Cross Process (green)	Traitement croisé (vert)
RetouchHistory	Cross Process (red)	Traitement croisé (rouge)
RetouchHistory	Cross Process (yellow)	Traitement croisé (jaune)
RetouchHistory	Cross Screen	Écran croisé
RetouchHistory	High Key	Tons clairs
RetouchHistory	Low Key	Tons sombres
RetouchHistory	None	Aucune
RetouchHistory	Sepia	Sépia
Rotation	0	0°
Rotation	180	180°
Rotation	270	270°
Rotation	90	90°
Rotation	Horizontal	Horizontale
Rotation	Horizontal (normal)	Horizontale (normale)
Rotation	Rotate 180	Rotation de 180°
Rotation	Rotate 270 CW	Rotation antihoraire de 270°
Rotation	Rotate 90 CW	Rotation antihoraire de 90°
RunTimeFlags	Has been rounded	A été arrondi
RunTimeFlags	Indefinite	Indéfini
RunTimeFlags	Negative infinity	Infinité négative
RunTimeFlags	Positive infinity	Infinité positive
RunTimeFlags	Valid	Valide
SRAWQuality	n/a	Non applicable
SRActive	No	Non
SRActive	Yes	Oui
SRResult	Not stabilized	Non stabilisé
SafetyShift	Disable	Désactivé
SafetyShift	Enable (ISO speed)	Activé (sensibilité ISO)
SafetyShift	Enable (Tv/Av)	Activé (Tv/Av)
SafetyShiftInAvOrTv	Disable	Désactivé
SafetyShiftInAvOrTv	Enable	Activé
SampleFormat	Complex int	Entier complexe
SampleFormat	Float	Réel à virgule flottante
SampleFormat	Signed	Entier signé
SampleFormat	Undefined	Non défini
SampleFormat	Unsigned	Entier non signé
SampleStructure	CompressionDependent	Définie dans le processus de compression
SampleStructure	Orthogonal4-2-2Sampling	Orthogonale, avec les fréquences d'échantillonnage dans le rapport 4:2:2:(4)
SampleStructure	OrthogonalConstangSampling	Orthogonale, avec les mêmes fréquences d'échantillonnage relatives sur chaque composante
Saturation	+1 (medium high)	+1 (moyennement élevée)
Saturation	+2 (high)	+2 (élevée)
Saturation	+3 (very high)	+3 (très élevée)
Saturation	+4 (highest)	+4 (la plus élevée)
Saturation	+4 (maximum)	+4 (maximale)
Saturation	-1 (medium low)	-1 (moyennement faible)
Saturation	-2 (low)	-2 (faible)
Saturation	-3 (very low)	-3 (très faible)
Saturation	-4 (lowest)	-4 (la plus faible)
Saturation	-4 (minimum)	-4 (minimale)
Saturation	0 (normal)	0 (normale)
Saturation	Acros Green Filter	Filtre vert Acros
Saturation	Acros Red Filter	Filtre rouge Acros
Saturation	Acros Yellow Filter	Filtre jaune Acros
Saturation	B&W	N&B
Saturation	B&W Green Filter	Filtre vert N&B
Saturation	B&W Red Filter	Filtre rouge N&B
Saturation	B&W Sepia	Filtre sépia N&B
Saturation	B&W Yellow Filter	Filtre jaune N&B
Saturation	Black & White	Noir et blanc
Saturation	Film Simulation	Simulation de film
Saturation	High	Forte
Saturation	Low	Faible
Saturation	Medium High	Moyennement élevée
Saturation	Medium Low	Moyennement élevée
Saturation	Natural	Naturel
Saturation	None	Aucune
Saturation	None (B&W)	Aucune (N&B)
Saturation	Normal	Normale
Saturation	Toning Effect	Effet tonique
Saturation	Vintage B&W	Vintage N&B
Saturation	Vivid	Éclatant
SaturationAuto	n/a	Non applicable
SaturationFaithful	n/a	Non applicable
SaturationLandscape	n/a	Non applicable
SaturationMonochrome	n/a	Non applicable
SaturationNeutral	n/a	Non applicable
SaturationPortrait	n/a	Non applicable
SaturationStandard	n/a	Non applicable
SaturationUserDef1	n/a	Non applicable
SaturationUserDef2	n/a	Non applicable
SaturationUserDef3	n/a	Non applicable
ScanImageEnhancer	Off	Désactivé
ScanImageEnhancer	On	Activé
ScanModeEnumeration	Other	Autre
ScanningDirection	Bottom-Top, L-R	De bas en haut, de gauche à droite
ScanningDirection	Bottom-Top, R-L	De bas en haut, de droite à gauche
ScanningDirection	L-R, Bottom-Top	De gauche à droite, de bas en haut
ScanningDirection	L-R, Top-Bottom	De gauche à droite, de haut en bas
ScanningDirection	R-L, Bottom-Top	De droite à gauche, de bas en haut
ScanningDirection	R-L, Top-Bottom	De droite à gauche, de haut en bas
ScanningDirection	Top-Bottom, L-R	De haut en bas, de gauche à droite
ScanningDirection	Top-Bottom, R-L	De haut en bas, de droite à gauche
SceneCaptureType	Landscape	Paysage
SceneCaptureType	Night	Nocturne
SceneCaptureType	Other	Autre
SceneMode	2 in 1	2 en 1
SceneMode	3D Sweep Panorama	Panorama par balayage 3D
SceneMode	Aerial Photo	Photo aérienne
SceneMode	Anti Motion Blur	Anti-flou de mouvement
SceneMode	Aperture Priority	Priorité à l'ouverture
SceneMode	Appetizing Food	Alimentation appétissante
SceneMode	Artistic Nightscape	Paysage nocturne artistique
SceneMode	Auction	Vente aux enchères
SceneMode	Auto	Auto.
SceneMode	Auto PICT	Image auto
SceneMode	Available Light	Lumière disponible
SceneMode	Baby	Bébé
SceneMode	Back Light	Contre-jour
SceneMode	Backlight HDR	Contre-jour HDR
SceneMode	Backlight Silhouette	Silhouette à contre-jour
SceneMode	Backlit Softness	Douceur du contre-jour
SceneMode	Beach	Plage
SceneMode	Beach & Snow	Mer & Montagne 
SceneMode	Beauty Skin	Beauté de la peau
SceneMode	Behind Glass	Derrière la vitre
SceneMode	Bird Watching	Observation des oiseaux
SceneMode	Blue Sky	Ciel bleu
SceneMode	Bright Blue Sky	Ciel bleu lumineux
SceneMode	Bulb	Ampoule
SceneMode	Candle	Bougie
SceneMode	Candlelight	Lumière de bougie
SceneMode	Children	Enfants
SceneMode	Clear Night Portrait	Portrait par nuit claire
SceneMode	Clear Nightscape	Paysage par nuit claire
SceneMode	Clear Portrait	Portrait clair
SceneMode	Clear Sports Shot	Prise de vue sportive claire
SceneMode	Clear in Backlight	Clair en contre-jour
SceneMode	Clipboard	Presse-papiers
SceneMode	Color Effects	Effets de couleurs
SceneMode	Cont. Priority AE	AE priorité continue
SceneMode	Cool Night Sky	Ciel nocturne calme
SceneMode	Creative Control	Contrôle créatif
SceneMode	Cute Dessert	Dessert sympa
SceneMode	Digital Filter	Filtre numérique
SceneMode	Digital Image Stabilization	Stabilisation numérique de l'image
SceneMode	Distinct Scenery	Paysages distincts
SceneMode	Economy	Économie
SceneMode	Face Portrait	Portrait de visage
SceneMode	Film Grain	Grain de pellicule
SceneMode	Fireworks	Feux d'artifice
SceneMode	Flash Burst	Éclat de flash
SceneMode	Food	Alimentation
SceneMode	Forest	Forêt
SceneMode	Freeze Animal Motion	Mouvements d'animaux figés
SceneMode	Glass Through	Verre translucide
SceneMode	Glistening Water	Eau scintillante
SceneMode	Glittering Illuminations	Illuminations scintillantes
SceneMode	Hand-held Starlight	Lumière stellaire à main levée
SceneMode	Handheld Night Shot	Photo nocturne à main levée
SceneMode	High ISO	Haute sensibilité ISO
SceneMode	High Key	Tons clairs
SceneMode	High Sensitivity	Haute Sensibilité
SceneMode	High Speed Continuous Shooting	Prise de vue en continu à haute vitesse
SceneMode	Indoor	Intérieur
SceneMode	Intelligent Auto	Auto Intelligent
SceneMode	Intelligent Auto Plus	Auto Intelligent Plus
SceneMode	Intelligent ISO	ISO intelligente
SceneMode	Kids	Enfants
SceneMode	Landscape	Paysage
SceneMode	Landscape+Portrait	Paysage+Portrait
SceneMode	Light Trails	Sentiers lumineux
SceneMode	Low Key	Tons sombres
SceneMode	Magic Filter	Filtre magique
SceneMode	Manual	Manuelle
SceneMode	Movie	Vidéo
SceneMode	Movie Preview	Prévisualisation vidéo
SceneMode	Multi Focus Shot	Prise de vue multi-focus
SceneMode	Multiple Exposure	Exposition multiple
SceneMode	Museum	Musée
SceneMode	My Color	Ma couleur
SceneMode	My Mode	Mon mode
SceneMode	Nature Macro	Macro Nature
SceneMode	Night Landscape	Paysage nocturne
SceneMode	Night Portrait	Portrait nocturne
SceneMode	Night Scene	Scène nocturne
SceneMode	Night Scene HDR	Scène HDR nocturne
SceneMode	Night Scene Portrait	Portrait de scène nocturne
SceneMode	Night Scenery	Scène nocturne
SceneMode	Night Snap	Instantané nocturne
SceneMode	Night View/Portrait	Vue/Portrait nocturne
SceneMode	Night+Portrait	Nocturne+Portrait
SceneMode	No Flash	Pas de flash
SceneMode	Normal	Normale
SceneMode	Off	Désactivée
SceneMode	Panning	Panoramique
SceneMode	Panorama Assist	Assistance panoramique
SceneMode	Panorama Left-right	Panorama gauche-droite
SceneMode	Panorama Right-left	Panorama droite-gauche
SceneMode	Party	Fête
SceneMode	Peripheral Defocus	Défocalisation périphérique
SceneMode	Pet	Animal de compagnie
SceneMode	Photo Frame	Cadre photo
SceneMode	Pin Hole	Trou d'épingle
SceneMode	Program	Programme
SceneMode	Quick Shutter	Obturateur rapide
SceneMode	Relaxing Tone	Tonalité relaxante
SceneMode	Romantic Sunset Glow	Lueur romantique au coucher du soleil
SceneMode	Scenery	Paysage
SceneMode	Self Portrait	Autoportrait
SceneMode	Self Portrait+Self Timer	Autoportrait+Auto-Temporisation
SceneMode	Self Protrait+Timer	Autoportrait+Temporisateur
SceneMode	Shoot & Select	Photographier et sélectionner
SceneMode	Shoot & Select1	Photographier et sélectionner 1
SceneMode	Shoot & Select2	Photographier et sélectionner 2
SceneMode	Shooting Guide	Guide de prise de vue
SceneMode	Shutter Priority	Priorité à l'obturateur
SceneMode	Silent	Silencieux
SceneMode	Silky Skin	Peau soyeuse
SceneMode	Slow Shutter	Obturateur à vitesse lente
SceneMode	Smart Scene	Scène intelligente
SceneMode	Smile Shot	Prise de vue sur sourire
SceneMode	Snow	Neige
SceneMode	Soft Background Shot	Prise de vue en arrière-plan doux
SceneMode	Soft Image of a Flower	Douce image d'une fleur
SceneMode	Soft Skin	Peau douce
SceneMode	Stage Lighting	Éclairage de scène
SceneMode	Starry Night	Nuit étoilée
SceneMode	Sunset	Coucher de soleil
SceneMode	Super Macro	Super macro
SceneMode	Superior Auto	Auto Supérieur
SceneMode	Surf & Snow	Surf et neige
SceneMode	Sweep Panorama	Panorama par balayage
SceneMode	Sweet Child's Face	Doux visage d'enfant
SceneMode	Text	Texte
SceneMode	Transform	Transformer
SceneMode	Underwater	Subaquatique
SceneMode	Underwater Macro	Macro subaquatique
SceneMode	Underwater Snapshot	Prise de vue Subaquatique
SceneMode	Underwater Wide1	Plan large sous-marin 1
SceneMode	Underwater Wide2	Plan large sous-marin 2
SceneMode	Vivid	Éclatant
SceneMode	Vivid Sunset Glow	Coucher de soleil éclatant
SceneMode	Warm Glowing Nightscape	Paysage nocturne chaud et lumineux
SceneMode	n/a	Non applicable
SceneModeUsed	Aperture Priority	Priorité à l'ouverture
SceneModeUsed	Back Light	Rétro-éclairage
SceneModeUsed	Beach	Plage
SceneModeUsed	Candlelight	Chandelle
SceneModeUsed	Children	Enfants
SceneModeUsed	Fireworks	Feux d'artifice
SceneModeUsed	High ISO	Haute sensibilité ISO
SceneModeUsed	Landscape	Paysage
SceneModeUsed	Manual	Manuel
SceneModeUsed	Museum	Musé
SceneModeUsed	Night Landscape	Paysage nocturne
SceneModeUsed	Night Portrait	Portrait nocturne
SceneModeUsed	Program	Programme
SceneModeUsed	Shutter Priority	Priorité à l'obturateur
SceneModeUsed	Snow	Neige
SceneModeUsed	Sunset	Coucher de soleil
SceneModeUsed	Text	Texte
SceneRecognition	Backlit Portrait	Portrait rétro-éclairé
SceneRecognition	Landscape Image	Image de paysage
SceneRecognition	Night Portrait	Portrait nocturne
SceneRecognition	Night Scene	Scène nocturne
SceneRecognition	Portrait Image	Image de portrait
SceneRecognition	Unrecognized	Non reconnue
SceneSelect	Lamp	Lampe
SceneSelect	Night	Nocturne
SceneSelect	Off	Désactivée
SceneSelect	User 1	Utilisateur 1
SceneSelect	User 2	Utilisateur 2
SceneType	Digital Scene Generation	Génération d'une scène numérique
SceneType	Directly photographed	Photographié directement
SceneType	Original Scene	Scène originale
SceneType	Second Generation Scene	Scène de deuxième génération
SecurityClassification	Confidential	Confidentiel
SecurityClassification	Restricted	Restreint
SecurityClassification	Top Secret	Trés secret
SecurityClassification	Unclassified	Non classifié
SelectableAFPoint	11 points	11 collimateurs
SelectableAFPoint	19 points	19 collimateurs
SelectableAFPoint	45 points	45 collimateurs
SelectableAFPoint	Inner 9 points	9 collimateurs centraux
SelectableAFPoint	Outer 9 points	9 collimateurs périphériques
SelfTimer	10 s / 3 pictures	10 s / 3 images
SelfTimer	10 s after shutter pressed	10 s après avoir pressé l'obturateur
SelfTimer	2 s after shutter pressed	2 s après avoir pressé l'obturateur
SelfTimer	3 photos after 10 s	3 photos après 10 s
SelfTimer	Off	Désactivé
SelfTimer	Off (0)	Désactivé (0)
SelfTimer	On	Activé
SelfTimer	Self-timer 10 s	Minuteur 10 s
SelfTimer	Self-timer 2 s	Minuteur 2 s
SelfTimer	Self-timer 5 or 10 s	Minuteur 5 ou 10 s
SensingMethod	Color sequential area	Capteur couleur séquentiel
SensingMethod	Color sequential linear	Capteur couleur séquentiel linéaire
SensingMethod	Monochrome area	Capteur monochrome
SensingMethod	Monochrome linear	Capteur linéaire monochrome
SensingMethod	Not defined	Non définie
SensingMethod	One-chip color area	Capteur mono-puce couleur
SensingMethod	Three-chip color area	Capteur tri-puces couleur
SensingMethod	Trilinear	Capteur tri-linéaire
SensingMethod	Two-chip color area	Capteur bi-puces couleur
SensitivitySteps	1 EV Steps	Pas de 1 IL
SensitivitySteps	As EV Steps	Comme pas IL
SensitivityType	ISO Speed	Vitesse ISO
SensitivityType	Recommended Exposure Index	Index d'exposition recommandé
SensitivityType	Recommended Exposure Index and ISO Speed	Index d'exposition et vitesse ISO recommandés
SensitivityType	Standard Output Sensitivity	Sensibilité de sortie standard
SensitivityType	Standard Output Sensitivity and ISO Speed	Sensibilité de sortie standard et vitesse ISO
SensitivityType	Standard Output Sensitivity and Recommended Exposure Index	Sensibilité de sortie standard et index d'exposition recommandé
SensitivityType	Standard Output Sensitivity, Recommended Exposure Index and ISO Speed	Sensibilité de sortie standard, index d'exposition et vitesse ISO recommandés
SensitivityType	Unknown	Inconnu
SensorCleaning	Disable	Désactivé
SensorCleaning	Enable	Activé
SensorFieldOfViewName	Wide	Large
SensorShield	Closes	Se ferme
SensorShield	Stays Open	Reste ouvert
SequenceLength	1 file	1 fichier
SequenceLength	1 shot	1 prise de vue
SequenceLength	10 files	10 fichiers
SequenceLength	10 shots	10 prises de vue
SequenceLength	12 shots	12 prises de vue
SequenceLength	16 shots	16 prises de vue
SequenceLength	2 files	2 fichiers
SequenceLength	2 shots	2 prises de vue
SequenceLength	3 files	3 fichiers
SequenceLength	3 shots	3 prises de vue
SequenceLength	4 shots	4 prises de vue
SequenceLength	5 files	5 fichiers
SequenceLength	5 shots	5 prises de vue
SequenceLength	7 files	7 fichiers
SequenceLength	7 shots	7 prises de vue
SequenceLength	9 files	9 fichiers
SequenceLength	9 shots	9 prises de vue
SequenceLength	Continuous	Continue
SequenceLength	Continuous - Sweep Panorama	Continue - Balayage du panorama
SequenceLength	Continuous - iSweep Panorama	Continue - iBalayage du panorama
SequenceNumber	Single	Unique
SequenceNumber	n/a	Non applicable
SequentialShot	None	Aucune
SetButtonCrossKeysFunc	Cross keys: AF point select	Joypad:Sélec. collim. AF
SetButtonCrossKeysFunc	Normal	Normale
SetButtonCrossKeysFunc	Set: Flash Exposure Comp	SET:Cor expo flash
SetButtonCrossKeysFunc	Set: Parameter	SET:Changer de paramètres
SetButtonCrossKeysFunc	Set: Picture Style	SET:Style d’image
SetButtonCrossKeysFunc	Set: Playback	SET:Lecture
SetButtonCrossKeysFunc	Set: Quality	SET:Qualité
SetButtonWhenShooting	Change parameters	Changer de paramètres
SetButtonWhenShooting	Default (no function)	Normal (désactivée)
SetButtonWhenShooting	Disabled	Désactivée
SetButtonWhenShooting	Flash exposure compensation	Correction expo flash
SetButtonWhenShooting	ISO speed	Sensibilité ISO
SetButtonWhenShooting	Image playback	Lecture de l'image
SetButtonWhenShooting	Image quality	Changer de qualité
SetButtonWhenShooting	Image size	Taille de l'image
SetButtonWhenShooting	LCD monitor On/Off	Écran LCD On/Off
SetButtonWhenShooting	Menu display	Affichage du menu
SetButtonWhenShooting	Normal (disabled)	Normal (désactivée)
SetButtonWhenShooting	Picture style	Style de l'image
SetButtonWhenShooting	Quick control screen	Écran de contrôle rapide
SetButtonWhenShooting	Record func. + media/folder	Fonction enregistrement + média/dossier
SetButtonWhenShooting	Record movie (Live View)	Enr. vidéo (visée écran)
SetButtonWhenShooting	White balance	Balance des blancs
SetFunctionWhenShooting	Change Parameters	Changer de paramètres
SetFunctionWhenShooting	Change Picture Style	Changer de style de l'image
SetFunctionWhenShooting	Change quality	Changer de qualité
SetFunctionWhenShooting	Default (no function)	Par défaut (aucune fonction)
SetFunctionWhenShooting	Image replay	Reprise de l'image
SetFunctionWhenShooting	Menu display	Affichage du menu
ShadingCompensation	Off	Désactivé
ShadingCompensation	On	Activé
ShadingCompensation2	Off	Désactivé
ShadingCompensation2	On	Activé
ShadowTone	+1 (medium hard)	+1 (moyennement dure)
ShadowTone	+2 (hard)	+2 (dure)
ShadowTone	+3 (very hard)	+3 (très dure)
ShadowTone	+4 (hardest)	+4 (la plus dure)
ShadowTone	-1 (medium soft)	-1 (moyennement douce)
ShadowTone	-2 (soft)	-2 (douce)
ShadowTone	0 (normal)	0 (normale)
ShakeReduction	Off	Désactivée
ShakeReduction	Off (4)	Désactivée (4)
ShakeReduction	Off (AA simulation off)	Désactivée (simulation AA désactivée)
ShakeReduction	Off (AA simulation type 1)	Désactivée (simulation AA type 1)
ShakeReduction	Off (AA simulation type 1) (8)	Désactivée (simulation AA type 1) (8)
ShakeReduction	Off (AA simulation type 2)	Désactivée (simulation AA type 2)
ShakeReduction	Off (AA simulation type 2) (16)	Désactivée (simulation AA type 2) (16)
ShakeReduction	On	Activée
ShakeReduction	On (135)	Activée (135)
ShakeReduction	On (15)	Activée (15)
ShakeReduction	On (7)	Activée (7)
ShakeReduction	On (AA simulation off)	Activée (simulation AA désactivée)
ShakeReduction	On (AA simulation type 1)	Activée (simulation AA type 1)
ShakeReduction	On (AA simulation type 2)	Activée (simulation AA type 2)
ShakeReduction	On (Video)	Activée (Vidéo)
ShakeReduction	On (mode 1)	Activée (mode 1)
ShakeReduction	On (mode 2)	Activée (mode 2)
ShakeReduction	On but Disabled	Activée mais Désactivée
Sharpness	+1 (medium hard)	+1 (moyennement dure)
Sharpness	+2 (hard)	+2 (dure)
Sharpness	+3 (very hard)	+3 (très dure)
Sharpness	+4 (hardest)	+4 (la plus dure)
Sharpness	+4 (maximum)	+4 (maximale)
Sharpness	-1 (medium soft)	-1 (moyennement dure)
Sharpness	-2 (soft)	-2 (douce)
Sharpness	-3 (very soft)	-3 (très douce)
Sharpness	-4 (minimum)	-4 (minimale)
Sharpness	-4 (softest)	-4 (la plus douce)
Sharpness	0 (normal)	0 (normale)
Sharpness	Film Simulation	Simulation de film
Sharpness	Hard	Dure
Sharpness	Normal	Normale
Sharpness	Sharp	Dure
Sharpness	Soft	Douce
Sharpness	n/a	Non applicable
SharpnessAuto	n/a	Non applicable
SharpnessFaithful	n/a	Non applicable
SharpnessFrequency	High	Haute
SharpnessFrequency	Highest	La plus haute
SharpnessFrequency	Low	Basse
SharpnessFrequency	Lowest	La plus basse
SharpnessFrequency	n/a	Non applicable
SharpnessLandscape	n/a	Non applicable
SharpnessMonochrome	n/a	Non applicable
SharpnessNeutral	n/a	Non applicable
SharpnessPortrait	n/a	Non applicable
SharpnessStandard	n/a	Non applicable
SharpnessUserDef1	n/a	Non applicable
SharpnessUserDef2	n/a	Non applicable
SharpnessUserDef3	n/a	Non applicable
ShootingMode	Aerial Photo	Photo aérienne
ShootingMode	Aperture Priority	Priorité à l'ouverture
ShootingMode	Appetizing Food	Alimentation appétissante
ShootingMode	Artistic Nightscape	Scène artistique nocturne
ShootingMode	Baby	Bébé
ShootingMode	Backlit Softness	Douceur du contre-jour
ShootingMode	Beach	Plage
ShootingMode	Bright Blue Sky	Ciel bleu lumineux
ShootingMode	Candlelight	Éclairage de Bougie
ShootingMode	Clear Night Portrait	Portrait par nuit claire
ShootingMode	Clear Nightscape	Scène par nuit claire
ShootingMode	Clear Portrait	Portrait clair
ShootingMode	Clear Sports Shot	Prise de vue sportive claire
ShootingMode	Clear in Backlight	Clair en contre-jour
ShootingMode	Clipboard	Presse-papiers
ShootingMode	Color Effects	Effets de couleurs
ShootingMode	Cool Night Sky	Ciel nocturne calme
ShootingMode	Creative Control	Contrôle créatif
ShootingMode	Cute Dessert	Dessert sympa
ShootingMode	Digital Filter	Filtre numérique
ShootingMode	Distinct Scenery	Paysage distinct
ShootingMode	Economy	Économie
ShootingMode	Film Grain	Grain de pellicule
ShootingMode	Fireworks	Feu d'artifice
ShootingMode	Flash Burst	Éclat de flash
ShootingMode	Food	Nourriture
ShootingMode	Freeze Animal Motion	Mouvements d'animaux figés
ShootingMode	Glass Through	Verre translucide
ShootingMode	Glistening Water	Eau scintillante
ShootingMode	Glittering Illuminations	Illuminations scintillantes
ShootingMode	Handheld Night Shot	Photo nocturne à main levée
ShootingMode	High Sensitivity	Haute sensibilité
ShootingMode	High Speed Continuous Shooting	Déclenchement continu à grande vitesse
ShootingMode	Intelligent Auto	Mode Auto intelligent
ShootingMode	Intelligent Auto Plus	Mode Auto Plus intelligent
ShootingMode	Intelligent ISO	ISO Intelligent
ShootingMode	Manual	Manuel
ShootingMode	Movie	Vidéo
ShootingMode	Movie Preview	Prévisualisation vidéo
ShootingMode	Multi-aspect	MISMulti-aspectSING
ShootingMode	My Color	Ma couleur
ShootingMode	Night Portrait	Portrait nocturne
ShootingMode	Night Scenery	Scène nocturne
ShootingMode	Normal	Normale
ShootingMode	Panning	Panoramique
ShootingMode	Panorama Assist	Assistant Panorama
ShootingMode	Party	Fête
ShootingMode	Peripheral Defocus	Défocalisation périphérique
ShootingMode	Pet	Animal domestique
ShootingMode	Photo Frame	Cadre photo
ShootingMode	Pin Hole	Trou d'épingle
ShootingMode	Program	Programme
ShootingMode	Relaxing Tone	Tonalité relaxante
ShootingMode	Romantic Sunset Glow	Lueur romantique au coucher du soleil
ShootingMode	Scenery	Paysage
ShootingMode	Self Portrait	Autoportrait
ShootingMode	Shutter Priority	Priorité à l'obturateur
ShootingMode	Silky Skin	Peau soyeuse
ShootingMode	Snow	Neige
ShootingMode	Soft Image of a Flower	Douce image d'une fleur
ShootingMode	Soft Skin	Peau douce
ShootingMode	Starry Night	Nuit étoilée
ShootingMode	Sunset	Coucher de soleil
ShootingMode	Sweet Child's Face	Doux visage d'enfant
ShootingMode	Transform	Transformer
ShootingMode	Underwater	Subaquatique
ShootingMode	Vivid Sunset Glow	Coucher de soleil éclatant
ShootingMode	Warm Glowing Nightscape	Paysage nocturne chaud et lumineux
ShootingModeSetting	Continuous	Continu
ShootingModeSetting	Delayed Remote	Télécommande retardée
ShootingModeSetting	Quick-response Remote	Télécommande à réponse rapide
ShootingModeSetting	Self-timer	Retardateur
ShootingModeSetting	Single Frame	Vue par vue
ShortReleaseTimeLag	Disable	Désactivé
ShortReleaseTimeLag	Enable	Activé
Shutter	Silent / Electronic (0 0 0)	Silencieux / électronique (0 0 0)
Shutter-AELock	AE lock/AF	Verrouillage AE/autofocus
Shutter-AELock	AE/AF, No AE lock	AE/AF, pas de verrou. AE
Shutter-AELock	AF/AE lock	Autofocus/verrouillage AE
Shutter-AELock	AF/AF lock	Autofocus/verrouillage AF
Shutter-AELock	AF/AF lock, No AE lock	AF/verr.AF, pas de verr.AE
ShutterAELButton	AE lock/AF	Verrouillage AE/Autofocus
ShutterAELButton	AE/AF, No AE lock	AE/AF, pas de verrou. AE
ShutterAELButton	AF/AE lock stop	Autofocus/Verrouillage AE
ShutterAELButton	AF/AF lock, No AE lock	AF/verr.AF, pas de verr.AE
ShutterButtonAFOnButton	AE lock/Metering + AF start	Mémo expo/lct. mesure+AF
ShutterButtonAFOnButton	Metering + AF start	Mesure + lancement AF
ShutterButtonAFOnButton	Metering + AF start/AF stop	Mesure + lancement/arrêt AF
ShutterButtonAFOnButton	Metering + AF start/disable	Lct. mesure+AF/désactivée
ShutterButtonAFOnButton	Metering start/Meter + AF start	Lct. mesure/lct. mesure+AF
ShutterCurtainHack	1st-curtain sync	Synchro du 1er rideau
ShutterCurtainHack	2nd-curtain sync	Synchro du 2e rideau
ShutterCurtainSync	1st-curtain sync	Synchronisation premier rideau
ShutterCurtainSync	2nd-curtain sync	Synchronisation deuxième rideau
ShutterMode	Aperture Priority	Priorité à l'ouverture
ShutterReleaseButtonAE-L	Off	Désactivé
ShutterReleaseButtonAE-L	On	Activé
ShutterReleaseNoCFCard	No	Non
ShutterReleaseNoCFCard	Yes	Oui
ShutterSpeedRange	Disable	Désactivé
ShutterSpeedRange	Enable	Activée
SlideShow	No	Non
SlideShow	Yes	Oui
SlowShutter	Night Scene	Nocturne
SlowShutter	None	Aucune
SlowShutter	Off	Désactivé
SlowShutter	On	Activé
SlowShutter	n/a	Non applicable
SlowSync	Off	Désactivé
SlowSync	On	Activé
SmartAlbumColor	Black	Noir
SmartAlbumColor	Blue	Bleu
SmartAlbumColor	Green	Vert
SmartAlbumColor	Red	Rouge
SmartAlbumColor	Various	Divers
SmartAlbumColor	White	Blanc
SmartAlbumColor	Yellow	Jaune
SmartAlbumColor	n/a	Non applicable
SoftSkinEffect	High	Élevé
SoftSkinEffect	Low	Faible
SoftSkinEffect	Mid	Moyen
SoftSkinEffect	Off	Désactivé
SoftSkinEffect	n/a	Non applicable
SonyModelID	DSLR-A850 (APS-C mode)	DSLR-A850 (mode APS-C)
SonyModelID	DSLR-A900 (APS-C mode)	DSLR-A900 (mode APS-C)
SonyRawFileType	Sony Compressed RAW	RAW Sony compressé
SonyRawFileType	Sony Lossless Compressed RAW	RAW Sony compressé sans perte
SonyRawFileType	Sony Lossless Compressed RAW 2	RAW 2 Sony compressé sans perte
SonyRawFileType	Sony Uncompressed 12-bit RAW	RAW Sony 12 bits non compressé
SonyRawFileType	Sony Uncompressed 14-bit RAW	RAW Sony 14 bits non compressé
SpecialEffectsOpticalFilter	None	Aucune
Speed	Fast	Rapide
Speed	Hardcore	Matérielle
Speed	Medium	Moyenne
Speed	Slow	Lent
SpotMeterLinkToAFPoint	Disable (use center AF point)	Désactivée (utilise le centre du viseur AF)
SpotMeterLinkToAFPoint	Enable (use active AF point)	Activée (utilise le viseur AF actif)
SpotMeteringMode	AF Point	Point de mise au point
SpotMeteringMode	Center	Centre
StackedImage	HDR1	HDR 1
StackedImage	HDR2	HDR 2
StreamType	Text	Texte
SubSelector	HDR Overlay	Recouvrement HDR
SubfileType	Alternate reduced-resolution image	Image alternative à résolution réduite
SubfileType	Color IW44	Couleurs IW44
SubfileType	Depth map	Carte de profondeur
SubfileType	Depth map of reduced-resolution image	Carte de profondeur de l'image en résolution réduite
SubfileType	Enhanced image data	Données d'image améliorées
SubfileType	Full-resolution image	Image en pleine résolution
SubfileType	Grayscale IW44	Niveaux de gris IW44
SubfileType	Multi-page document	Document multipage
SubfileType	Reduced-resolution image	Image en résolution réduite
SubfileType	Semantic Mask	Masque sémantique
SubfileType	Shared component	Composant partagé
SubfileType	Single page of multi-page image	Une page d'une image multipage
SubfileType	Single page of multi-page reduced-resolution image	Une page d'une image multipage en résolution réduite
SubfileType	Single-page image	Image sur une seule page
SubfileType	Thumbnail image	Image miniature
SubfileType	Transparency mask	Masque de transparence
SubfileType	Transparency mask of multi-page image	Masque de transparence de l'image multipage
SubfileType	Transparency mask of reduced-resolution image	Masque de transparence de l'image en résolution réduite
SubfileType	Transparency mask of reduced-resolution multi-page image	Masque de transparence de l'image multipage à résolution réduite
SubfileType	invalid	invalide
SubimageColor	RGB	RVB
SubjectDetection	People	Personnes
SubjectDistanceRange	Close	Proche
SubjectDistanceRange	Distant	Lointaine
SubjectDistanceRange	Unknown	Inconnue
SubjectMotion	Erratic	Erratiques
SubjectMotion	Middle	Moyens
SubjectMotion	Steady	Stables
SubjectProgram	Night portrait	Portrait nocturne
SubjectProgram	None	Aucun
SubjectProgram	Sports action	Action sportive
SubjectProgram	Sunset	Coucher de soleil
SubjectProgram	Text	Texte
Subsystem	EFI ROM	ROM EFI
Subsystem	EFI application	Application EFI
Subsystem	EFI boot service	Service de démarrage EFI
Subsystem	EFI runtime driver	Pilote d'exécution EFI
Subsystem	Native	Natif
Subsystem	OS/2 command line	Ligne de commande OS/2
Subsystem	POSIX command line	Ligne de commande POSIX
Subsystem	Unknown	Inconnu
Subsystem	Windows CE GUI	Interface graphique Windows CE
Subsystem	Windows GUI	Interface graphique Windows
Subsystem	Windows command line	Ligne de commande Windows
SuperMacro	Off	Désactivé
SuperimposedDisplay	Off	Désactivé
SuperimposedDisplay	On	Activé
SupplementalType	Main Image	Non établi
SupplementalType	Rasterized Caption	Titre rastérisé
SupplementalType	Reduced Resolution Image	Image de résolution réduite
SweepPanoramaDirection	Bottom to Top	De bas en haut
SweepPanoramaDirection	Down	Vers le bas
SweepPanoramaDirection	Left	Vers la gauche
SweepPanoramaDirection	Left to Right	De gauche à droite
SweepPanoramaDirection	Off	Désactivé
SweepPanoramaDirection	Right	Vers la droite
SweepPanoramaDirection	Right to Left	De droite à gauche
SweepPanoramaDirection	Top to Bottom	De haut en bas
SweepPanoramaDirection	Up	Vers le haut
SweepPanoramaSize	Wide	Large
SwitchToRegisteredAFPoint	Assist	Touche d'assistance
SwitchToRegisteredAFPoint	Assist + AF	Touche d'assistance + touche AF
SwitchToRegisteredAFPoint	Disable	Désactivé
SwitchToRegisteredAFPoint	Enable	Activé
SwitchToRegisteredAFPoint	Only while pressing assist	Seulement en appuyant touche d'assistance
Tagged	No	Non
Tagged	Yes	Oui
TargetImageType	Real-world Subject	Sujet du monde réel
TargetImageType	Written Document	Document écrit
Technology	Active Matrix Display	Afficheur à matrice active
Technology	Cathode Ray Tube Display	Afficheur à tube cathodique
Technology	Digital Camera	Appareil photo numérique
Technology	Digital Cinema Projector	Projecteur cinéma numérique
Technology	Digital Motion Picture Camera	Caméra numérique de cinéma
Technology	Dye Sublimation Printer	Imprimante à sublimation thermique
Technology	Electrophotographic Printer	Imprimante électrophotographique
Technology	Electrostatic Printer	Imprimante électrostatique
Technology	Film Scanner	Scanner de film
Technology	Flexography	Flexographie
Technology	Ink Jet Printer	Imprimante à jet d'encre
Technology	Motion Picture Film Recorder	Enregistreur de film cinématographique
Technology	Motion Picture Film Scanner	Scanneur de films cinématographiques
Technology	Offset Lithography	Lithographie offset
Technology	Passive Matrix Display	Afficheur à matrice passive
Technology	Photo CD	CD photo
Technology	Photo Image Setter	Cadre photo
Technology	Photographic Paper Printer	Imprimante à papier photo
Technology	Projection Television	Télévision par projection
Technology	Reflective Scanner	Scanner réflectif
Technology	Silkscreen	Sérigraphie
Technology	Thermal Wax Printer	Imprimante thermique à cire
Technology	Video Camera	Caméra vidéo
Technology	Video Monitor	Moniteur vidéo
Teleconverter	None	Aucune
TemporalIDNested	No	Non
TemporalIDNested	Yes	Oui
TextEncoding	n/a	Non applicable
TextFace	Bold	Gras
TextFace	Condense	Condensé
TextFace	Extend	Étendu
TextFace	Italic	Italique
TextFace	Outline	Contour
TextFace	Plain	Normal
TextFace	Shadow	Ombré
TextFace	Underline	Souligné
TextStamp	Off	Désactivé
TextStamp	On	Activé
TextToSpeech	Disabled	Désactivé
TextToSpeech	Enabled	Activé
Three-DTrackingWatchArea	Wide	Large
TimeScaleParamsQuality	Low	Bas
TimeZone	+00:00 (London)	+00:00 (Londre)
TimeZone	+02:00 (Athens, Helsinki)	+02:00 (Athènes, Helsinki)
TimeZone	+03:00 (Moscow, Nairobi)	+03:00 (Moscou, Nairobi)
TimeZone	+03:30 (Tehran)	+03:30 (Téhéran)
TimeZone	+04:30 (Kabul)	+04:30 (Kaboul)
TimeZone	+05:45 (Kathmandu)	+05:45 (Katmandou)
TimeZone	+08:00 (Beijing, Honk Kong, Sinapore)	+08:00 (Pékin, Honk Kong, Singapour)
TimeZone	-01:00 (Azores)	-01:00 (Les Açores)
TimeZoneCity	(not set)	(non défini)
TimeZoneCity	Adelaide	Adélaïde
TimeZoneCity	Azores	Les Açores
TimeZoneCity	Cairo	Le Caire
TimeZoneCity	Chatham Islands	Iles Chatham
TimeZoneCity	Dubai	Dubaï
TimeZoneCity	Kabul	Kaboul
TimeZoneCity	Kathmandu	Katmandou
TimeZoneCity	London	Londre
TimeZoneCity	Moscow	Moscou
TimeZoneCity	Newfoundland	Terre-Neuve
TimeZoneCity	Solomon Islands	Iles Salomon
TimeZoneCity	Tehran	Téhéran
TimeZoneCity	Yangon	Rangoun
TimeZoneCity	n/a	Non applicable
TimerFunctionButton	Active D-Lighting	D-Lighting actif
TimerLength	Disable	Désactivé
TimerLength	Enable	Activée
TimerRecording	Focus Bracketing	Bracketing de mise au point
TimerRecording	Off	Désactivé
TimerRecording	Stop-motion Animation	Animation en stop motion
TimerRecording	Time Lapse	Lapse de temps
ToneCurve	Manual	Manuelle
ToneCurveActive	No	Non
ToneCurveActive	Yes	Oui
ToneCurveProperty	Shot Settings	Paramétrage prise de vue
ToneLevel	Highlights	Lumineux
ToneLevel	Midtones	Moyen
ToneLevel	Shadows	Ombres
ToningEffect	B&W	N&B
ToningEffect	Blue	Bleu
ToningEffect	Blue-green	Bleu-vert
ToningEffect	Color	Coleur
ToningEffect	Green	Vert
ToningEffect	None	Aucun
ToningEffect	Off	Désactivé
ToningEffect	Purple	Violet
ToningEffect	Purple-blue	Violet-bleu
ToningEffect	Red	Rouge
ToningEffect	Red-purple	Rouge-violet
ToningEffect	Sepia	Sépia
ToningEffect	Yellow	Jaune
ToningEffect	n/a	Non applicable
ToningEffectAuto	Blue	Bleu
ToningEffectAuto	Green	Vert
ToningEffectAuto	None	Aucun
ToningEffectAuto	Purple	Violet
ToningEffectAuto	Sepia	Sépia
ToningEffectAuto	n/a	Non applicable
ToningEffectFaithful	n/a	Non applicable
ToningEffectLandscape	n/a	Non applicable
ToningEffectMonochrome	Blue	Bleu
ToningEffectMonochrome	Green	Vert
ToningEffectMonochrome	None	Aucun
ToningEffectMonochrome	Purple	Violet
ToningEffectMonochrome	Sepia	Sépia
ToningEffectMonochrome	n/a	Non applicable
ToningEffectNeutral	n/a	Non applicable
ToningEffectPortrait	n/a	Non applicable
ToningEffectStandard	n/a	Non applicable
ToningEffectUserDef1	Blue	Bleu
ToningEffectUserDef1	Green	Vert
ToningEffectUserDef1	None	Aucun
ToningEffectUserDef1	Purple	Violet
ToningEffectUserDef1	Sepia	Sépia
ToningEffectUserDef1	n/a	Non applicable
ToningEffectUserDef2	Blue	Bleu
ToningEffectUserDef2	Green	Vert
ToningEffectUserDef2	None	Aucun
ToningEffectUserDef2	Purple	Violet
ToningEffectUserDef2	Sepia	Sépia
ToningEffectUserDef2	n/a	Non applicable
ToningEffectUserDef3	Blue	Bleu
ToningEffectUserDef3	Green	Vert
ToningEffectUserDef3	None	Aucun
ToningEffectUserDef3	Purple	Violet
ToningEffectUserDef3	Sepia	Sépia
ToningEffectUserDef3	n/a	Non applicable
TouchAE	Off	Désactivé
TouchAE	On	Activé
Transformation	Horizontal (normal)	Horizontale (normale)
Transformation	Mirror horizontal	Mise en miroir horizontal
Transformation	Mirror horizontal and rotate 270 CW	Mise en miroir horizontal et rotation antihoraire de 270°
Transformation	Mirror horizontal and rotate 90 CW	Mise en miroir horizontal et rotation antihoraire de 90°
Transformation	Mirror vertical	Mise en miroir vertical)
Transformation	Rotate 180	Rotation de 180°
Transformation	Rotate 270 CW	Rotation antihoraire de 270°
Transformation	Rotate 90 CW	Rotation antihoraire de 90°
Trapped	False	Faux
Trapped	True	Vrai
Trapped	Unknown	Inconnu
USMLensElectronicMF	Always turned off	Toujours débrayé
USMLensElectronicMF	Disable after one-shot AF	Désactivée après One-Shot AF
USMLensElectronicMF	Disable in AF mode	Désactivée en mode AF
USMLensElectronicMF	Enable after one-shot AF	Activée après AF One-Shot
USMLensElectronicMF	Turns off after one-shot AF	Débrayé après One-Shot AF
USMLensElectronicMF	Turns on after one-shot AF	Activé après One-Shot AF
Uncompressed	No	Non
Uncompressed	Yes	Oui
Unsharp1Color	Blue	Bleu
Unsharp1Color	Green	Vert
Unsharp1Color	RGB	RVB
Unsharp1Color	Red	Rouge
Unsharp1Color	Yellow	Jaune
Unsharp2Color	Blue	Bleu
Unsharp2Color	Green	Vert
Unsharp2Color	RGB	RVB
Unsharp2Color	Red	Rouge
Unsharp2Color	Yellow	Jaune
Unsharp3Color	Blue	Bleu
Unsharp3Color	Green	Vert
Unsharp3Color	RGB	RVB
Unsharp3Color	Red	Rouge
Unsharp3Color	Yellow	Jaune
Unsharp4Color	Blue	Bleu
Unsharp4Color	Green	Vert
Unsharp4Color	RGB	RVB
Unsharp4Color	Red	Rouge
Unsharp4Color	Yellow	Jaune
UnsharpMask	Off	Désactivé
UnsharpMask	On	Activé
Urgency	0 (reserved)	0 (réservé pour utilisation future)
Urgency	1 (most urgent)	1 (très urgent)
Urgency	5 (normal urgency)	5 (normalement urgent)
Urgency	8 (least urgent)	8 (moins urgent)
Urgency	9 (user-defined priority)	9 (réservé pour utilisation future)
UsableMeteringModes	Disable	Désactivés
UsableMeteringModes	Enable	Activées
UsableShootingModes	Disable	Désactivés
UsableShootingModes	Enable	Activés
UseDialWithoutHold	Off	Désactivée
UseDialWithoutHold	On	Activée
UserDef1PictureStyle	Faithful	Fidèle
UserDef1PictureStyle	Landscape	Paysage
UserDef1PictureStyle	Neutral	Neutre
UserDef2PictureStyle	Faithful	Fidèle
UserDef2PictureStyle	Landscape	Paysage
UserDef2PictureStyle	Neutral	Neutre
UserDef3PictureStyle	Faithful	Fidèle
UserDef3PictureStyle	Landscape	Paysage
UserDef3PictureStyle	Neutral	Neutre
VRMode	Active	Actif
VRMode	Off	Désactivé
VRMode	On (1)	Activé (1)
VR_0x66	Off	Désactivé
VariableLowPassFilter	High	Haut
VariableLowPassFilter	Off	Désactivé
VariableLowPassFilter	n/a	Non applicable
VerticalAFOnButton	HDR Overlay	Recouvrement HDR
VerticalFuncButton	HDR Overlay	Recouvrement HDR
VerticalFuncButtonPlaybackMode	HDR Overlay	Recouvrement HDR
VerticalFuncButtonPlusDials	Active D-Lighting	D-Lighting actif
VerticalFuncPlusDials	Active D-Lighting	D-Lighting actif
VerticalMovieAFOnButton	HDR Overlay	Recouvrement HDR
VerticalMovieFuncButton	HDR Overlay	Recouvrement HDR
VerticalMultiSelector	HDR Overlay	Recouvrement HDR
VibrationReduction	Off	Désactivé
VibrationReduction	On	Activé
VibrationReduction	n/a	Non applicable
VideoFrameRate	n/a	Non applicable
VideoOrientation	Horizontal (normal)	Horizontale (normale)
VideoOrientation	Mirror horizontal	Mise en miroir horizontal
VideoOrientation	Mirror horizontal and rotate 270 CW	Mise en miroir horizontal et retournée de 270° dans le sens antihoraire
VideoOrientation	Mirror horizontal and rotate 90 CW	Mise en miroir horizontal et retournée de 90° dans le sens antihoraire
VideoOrientation	Mirror vertical	Mise en miroir vertical
VideoOrientation	Rotate 180	Retournée de 180°
VideoOrientation	Rotate 270 CW	Retournée de 270° dans le sens antihoraire
VideoOrientation	Rotate 90 CW	Retournée de 90° dans le sens antihoraire
ViewInfoDuringExposure	Disable	Désactivé
ViewInfoDuringExposure	Enable	Activé
ViewfinderWarning	Off	Désactivé
ViewfinderWarning	On	Activé
ViewingMode2	n/a	Non applicable
VignetteControl	High	Haut
VignetteControl	Low	Bas
VignetteControl	Normal	Normale
VignetteControl	Off	Désactivé
VignetteControl	On	Activé
Vignetting	High	Haut
Vignetting	Low	Bas
Vignetting	Medium	Moyen
Vignetting	Off	Désactivé
VignettingCorrection	No correction params available	Aucun paramètre de correction disponible
VignettingCorrection	Off	Désactivée
VignettingCorrection	n/a	Non applicable
VisualColor	Color	Couleur
VoiceMemo	Off	Désactivé
VoiceMemo	On	Activé
WBAdjLighting	Daylight (cloudy)	Lumière du jour (2)
WBAdjLighting	Daylight (direct sunlight)	Lumière du jour (0)
WBAdjLighting	Daylight (shade)	Lumière du jour (1)
WBAdjLighting	Flash (FL-G1 filter)	Flash (Filtre FL-G1)
WBAdjLighting	Flash (FL-G2 filter)	Flash (Filtre FL-G2)
WBAdjLighting	Flash (TN-A1 filter)	Flash (Filtre FL-TN-A1)
WBAdjLighting	Flash (TN-A2 filter)	Flash (Filtre FL-TN-A2)
WBAdjLighting	High Color Rendering Fluorescent (3700K)	Fluorescent à haut rendu des couleurs (3700K)
WBAdjLighting	High Color Rendering Fluorescent (5000K)	Fluorescent à haut rendu des couleurs (5000K)
WBAdjLighting	High Color Rendering Fluorescent (cool white)	Fluorescent à haut rendu des couleurs (blanc froid)
WBAdjLighting	High Color Rendering Fluorescent (daylight)	Fluorescent à haut rendu des couleurs (lumière du jour)
WBAdjLighting	High Color Rendering Fluorescent (warm white)	Fluorescent à haut rendu des couleurs (blanc chaud)
WBAdjLighting	None	Aucune
WBAdjLighting	Sodium Vapor Lamps	Lampes à vapeur de sodium
WBAdjLighting	Standard Fluorescent (3700K)	Fluorescent standard (3700K)
WBAdjLighting	Standard Fluorescent (5000K)	Fluorescent standard (5000K)
WBAdjLighting	Standard Fluorescent (cool white)	Fluorescent standard (blanc froid)
WBAdjLighting	Standard Fluorescent (daylight)	Fluorescent standard (lumière du jour)
WBAdjLighting	Standard Fluorescent (high temperature mercury vapor)	Fluorescent standard (vapeur de mercure à haute température)
WBAdjLighting	Standard Fluorescent (warm white)	Fluorescent standard (blanc chaud)
WBAdjMode	Calculate Automatically	Calculer automatiquement
WBAdjMode	Recorded Value	Valeur enregistrée
WBAdjMode	Underwater	Sous l'eau
WBAdjMode	Use Gray Point	Utiliser le point gris
WBAdjMode	Use Temperature	Utiliser la température
WBBracketMode	Off	Désactivé
WBBracketMode	On (shift AB)	Activé (changement AB)
WBBracketMode	On (shift GM)	Activé (changement GM)
WBFineTuneActive	No	Non
WBFineTuneActive	Yes	Oui
WBMediaImageSizeSetting	LCD monitor	Écran LCD
WBMediaImageSizeSetting	Rear LCD panel	Panneau LCD arrière
WBType1	Cloudy	Nuageux
WBType1	Cool White Fluorescent	Blanc froid fluorescent
WBType1	Day White Fluorescent	Blanc fluorescent de jour
WBType1	Daylight	Lumière du jour
WBType1	Daylight Fluorescent	Lumière du jour fluorescent
WBType1	Fine Weather	Beau temps
WBType1	ISO Studio Tungsten	ISO Studio Tungstène
WBType1	Other	Autre
WBType1	Shade	Ombre
WBType1	Standard Light A	Lumière standard A
WBType1	Standard Light B	Lumière standard B
WBType1	Standard Light C	Lumière standard C
WBType1	Tungsten (Incandescent)	Tungstène (Incandescent)
WBType1	Unknown	Inconnu
WBType1	Warm White Fluorescent	Blanc chaud fluorescent
WBType1	White Fluorescent	Blanc fluorescent
Watched	No	Non
Watched	Yes	Oui
WatercolorFilter	Off	Désactivé
WebP_Flags	EXIF	Exif
WebP_Flags	ICC Profile	Profil ICC
WhiteBalance	Auto	Equilibrage automatique des blancs
WhiteBalance	Black & White	Monochrome
WhiteBalance	Cloudy	Temps nuageux
WhiteBalance	Color Temperature/Color Filter	Temp. Couleur / Filtre couleur
WhiteBalance	Cool White Fluorescent	Fluorescente type soft
WhiteBalance	Custom	Personnalisée
WhiteBalance	Custom 1	Personnalisée 1
WhiteBalance	Custom 2	Personnalisée 2
WhiteBalance	Custom 3	Personnalisée 3
WhiteBalance	Custom 4	Personnalisée 4
WhiteBalance	Day White Fluorescent	Fluorescente type blanc
WhiteBalance	Daylight	Lumière du jour
WhiteBalance	Daylight Fluorescent	Fluorescente type jour
WhiteBalance	Fluorescent	Fluorescente
WhiteBalance	Manual	Manuelle
WhiteBalance	Manual Temperature (Kelvin)	Température de couleur (Kelvin)
WhiteBalance	Shade	Ombre
WhiteBalance	Tungsten	Tungstène (lumière incandescente)
WhiteBalance	Unknown	Inconnu
WhiteBalance	User-Selected	Sélectionnée par l'utilisateur
WhiteBalance	Warm White Fluorescent	Fluorescent blanc chaud
WhiteBalance	White Fluorescent	Fluorescent blanc
WhiteBalance2	3000K (Tungsten light)	3000K (Lumière au tungstène)
WhiteBalance2	3600K (Tungsten light-like)	3600K (Similaire à la lumière du tungstène)
WhiteBalance2	4000K (Cool white fluorescent)	4000K (Fluorescent blanc froid)
WhiteBalance2	4500K (Neutral white fluorescent)	4500K (Fluorescent blanc neutre)
WhiteBalance2	5300K (Fine Weather)	5300K (Beau temps)
WhiteBalance2	6000K (Cloudy)	6000K (Nuageux)
WhiteBalance2	6600K (Daylight fluorescent)	6600K (Lumière du jour fluorescente)
WhiteBalance2	7500K (Fine Weather with Shade)	7500K (Beau temps avec de l'ombre)
WhiteBalance2	Auto (Keep Warm Color Off)	Auto (Maintien de la couleur chaude désactivé)
WhiteBalance2	Auto Setup	Configuration automatique
WhiteBalance2	Custom WB 1	Balance des blancs personnalisée 1
WhiteBalance2	Custom WB 2	Balance des blancs personnalisée 2
WhiteBalance2	Custom WB 3	Balance des blancs personnalisée 3
WhiteBalance2	Custom WB 4	Balance des blancs personnalisée 4
WhiteBalance2	One Touch WB 1	Balance des blancs par simple pression 1
WhiteBalance2	One Touch WB 2	Balance des blancs par simple pression 2
WhiteBalance2	One Touch WB 3	Balance des blancs par simple pression 3
WhiteBalance2	One Touch WB 4	Balance des blancs par simple pression 3
WhiteBalance2	Underwater	Sous-marine
WhiteBalance2	White Fluorescent	Fluorescent blanc
WhiteBalanceAdj	Cloudy	Temps nuageux
WhiteBalanceAdj	Daylight	Lumière du jour
WhiteBalanceAdj	Fluorescent	Fluorescente
WhiteBalanceAdj	Manual (Click)	Manuel (Clic)
WhiteBalanceAdj	Off	Désactivé
WhiteBalanceAdj	On	Activé
WhiteBalanceAdj	Shade	Ombre
WhiteBalanceAdj	Shot Settings	Paramétrage prise de vue
WhiteBalanceAdj	Tungsten	Tungstène (lumière incandescente)
WhiteBalanceAutoAdjustment	Off	Désactivé
WhiteBalanceAutoAdjustment	On	Activé
WhiteBalanceBracketing	High	Haut
WhiteBalanceBracketing	Low	Bas
WhiteBalanceBracketing	Off	Désactivé
WhiteBalanceButtonPlaybackMode	HDR Overlay	Recouvrement HDR
WhiteBalanceDetected	n/a	Non applicable
WhiteBalanceMode	Auto (Cloudy)	Auto (nuageux)
WhiteBalanceMode	Auto (Day White Fluorescent)	Auto (fluo jour)
WhiteBalanceMode	Auto (Daylight Fluorescent)	Auto (fluo lum. jour)
WhiteBalanceMode	Auto (Daylight)	Auto (lumière du jour)
WhiteBalanceMode	Auto (Flash)	Auto (flash)
WhiteBalanceMode	Auto (Shade)	Auto (ombre)
WhiteBalanceMode	Auto (Tungsten)	Auto (tungstène)
WhiteBalanceMode	Auto (White Fluorescent)	Auto (fluo blanc)
WhiteBalanceMode	Unknown	Inconnu
WhiteBalanceMode	User-Selected	Sélectionnée par l'utilisateur
WhiteBalanceSet	Cloudy	Temps nuageux
WhiteBalanceSet	Day White Fluorescent	Fluorescent blanc jour
WhiteBalanceSet	Daylight	Lumière du jour
WhiteBalanceSet	Daylight Fluorescent	Fluorescente type jour
WhiteBalanceSet	Manual	Manuelle
WhiteBalanceSet	Set Color Temperature 1	Température de couleur définie 1
WhiteBalanceSet	Set Color Temperature 2	Température de couleur définie 2
WhiteBalanceSet	Set Color Temperature 3	Température de couleur définie 3
WhiteBalanceSet	Shade	Ombre
WhiteBalanceSet	Tungsten	Tungstène (lumière incandescente)
WhiteBalanceSet	White Fluorescent	Fluorescent blanc
WhiteBalanceSet	n/a	Non applicable
WideRange	Off	Désactivé
WideRange	On	Activé
WorkColorSpace	Adobe RGB	Adobe RVB
WorkColorSpace	Apple RGB	Apple RVB
WorldTimeLocation	Home	Domicile
WorldTimeLocation	Hometown	Ville d'origine
YCbCrPositioning	Centered	Centré
YCbCrPositioning	Co-sited	Côte à côte
ZebraPatternToneRange	Highlights	Lumineuse
ZebraPatternToneRange	Midtones	Moyenne
ZebraPatternToneRange	Off	Désactivée
ZoneMatching	High Key	Tons clairs
ZoneMatching	ISO Setting Used	Désactivée
ZoneMatching	Low Key	Tons sombres
ZoneMatchingOn	Off	Désactivé
ZoneMatchingOn	On	Activé
